ID,Text,Task 1,Political,Racial,Religious,Gender,Other,Keywords,Source Link
mya_83d5ff72,မဟာသရေစည်သူ ဦးသန့် (၂၂ ဇန်နဝါရီ ၁၉၀၉ – ၂၅ နိုဝင်ဘာ ၁၉၇၄) သည် မြန်မာနိုင်ငံသား သံတမန်တစ်ဦးဖြစ်ပြီး ကမ္ဘာ့ကုလသမဂ္ဂ၏ တတိယမြောက် အထွေထွေ အတွင်းရေးမှူးချုပ်ဖြစ်ကာ ၁၉၆၁ မှ ၁၉၇၁ ခုနှစ်အထိ တာဝန်ထမ်းဆောင်ခဲ့သည် ။,0,0,0,0,0,0,NULL,https://my.wikipedia.org/wiki/%E1%80%A6%E1%80%B8%E1%80%9E%E1%80%94%E1%80%B7%E1%80%BA
mya_eca7537a,ကုလသမဂ္ဂ၏ ဒုတိယမြောက် အထွေထွေအတွင်းရေးမှူးချုပ် ဒက်ဟမ်းမားရှိုး ၁၉၆၁ ခုနှစ် စက်တင်ဘာလအတွင်း လေယာဉ်ပျက်ကျ သေဆုံးပြီးနောက်ပိုင်း ၎င်း၏ နေရာတွင် အရွေးချယ်ခံခဲ့ရခြင်း ဖြစ်ကာ အထွေထွေအတွင်းရေးမှူးချုပ်တာဝန်ကို ဥရောပသားမဟုတ်သူများထဲမှ ပထမဆုံးထမ်းဆောင်သူလည်း ဖြစ်သည် ။,0,0,0,0,0,0,NULL,https://my.wikipedia.org/wiki/%E1%80%A6%E1%80%B8%E1%80%9E%E1%80%94%E1%80%B7%E1%80%BA
mya_ae9c068c,အာရှတွင် ပထမဦးဆုံး ကုလသမဂ္ဂ အထွေထွေ အတွင်းရေးမှူးချုပ် ဖြစ်သည် ။,0,0,0,0,0,0,NULL,https://my.wikipedia.org/wiki/%E1%80%A6%E1%80%B8%E1%80%9E%E1%80%94%E1%80%B7%E1%80%BA
mya_2978e447,ဦးသန့်အား ၎င်းမွေးဖွားရာ ပန်းတနော်မြို့ကို ရည်စူး၍ ပန်းတနော် ဦးသန့် ဟု အမည်တွင်ခဲ့သည် ။,0,0,0,0,0,0,NULL,https://my.wikipedia.org/wiki/%E1%80%A6%E1%80%B8%E1%80%9E%E1%80%94%E1%80%B7%E1%80%BA
mya_ce6cf68c,အင်္ဂလိပ်လိုမှာ U Thant ဖြစ်သည် ။,0,0,0,0,0,0,NULL,https://my.wikipedia.org/wiki/%E1%80%A6%E1%80%B8%E1%80%9E%E1%80%94%E1%80%B7%E1%80%BA
mya_d2707105,ဦးသန့်ကို ၁၉ဝ၉- ခုနှစ်ဇန်နဝါရီလ ၂၂ ရက်သောကြာနေ့တွင် ဧရာဝတီတိုင်း၊ ပန်းတနော်မြို့၌ အဖဦးဖိုးနှစ်၊ အမိ ဒေါ်နန်းသောင်တို့ မှ ဖွားမြင်ခဲ့လေသည် ။,0,0,0,0,0,0,NULL,https://my.wikipedia.org/wiki/%E1%80%A6%E1%80%B8%E1%80%9E%E1%80%94%E1%80%B7%E1%80%BA
mya_adf4ced0,မွေးချင်း ညီအစ်ကို လေးဦးအနက် အကြီးဆုံးဖြစ်သည် ။,0,0,0,0,0,0,NULL,https://my.wikipedia.org/wiki/%E1%80%A6%E1%80%B8%E1%80%9E%E1%80%94%E1%80%B7%E1%80%BA
mya_42f851a9,မိဘများမှာ အောင်မြင်သော မြေပိုင်ရှင်နှင့် ဆန်ကုန်သည်များဖြစ်ကြသည် ။,0,0,0,0,0,0,NULL,https://my.wikipedia.org/wiki/%E1%80%A6%E1%80%B8%E1%80%9E%E1%80%94%E1%80%B7%E1%80%BA
mya_5fa6c4b3,ဖခင်ဦးဖိုးနှစ်သည် ကာလကတ္တား မြို့ (ယခု ကိုလ်းကားတား) အထိ သွားရောက်ပညာသင်ကြားခဲ့ဖူးသူဖြစ်ရာ အင်္ဂလိပ်စာကို ကောင်းစွာတတ်ကျွမ်းသူ ဖြစ်သည် ။,0,0,0,0,0,0,NULL,https://my.wikipedia.org/wiki/%E1%80%A6%E1%80%B8%E1%80%9E%E1%80%94%E1%80%B7%E1%80%BA
mya_50cc2c59,ဦးသန့်၏ဖခင် ဦးဖိုးနှစ်၏ အမျိုးအနွယ်တို့မှာ ဗုဒ္ဓဘာသာကိုယုံကြည်ကြသူများ ဖြစ်ကြပြီး ရန်ကုန်မြို့၌ သူရိယသတင်းစာကို ထူထောင်ခဲ့သည် ။,0,0,0,0,0,0,NULL,https://my.wikipedia.org/wiki/%E1%80%A6%E1%80%B8%E1%80%9E%E1%80%94%E1%80%B7%E1%80%BA
mya_b3252f89,ထိုခေတ်က မြန်မာလူမျိုးများတွင် အင်္ဂလိပ်စာ တတ်ကျွမ်းသူ ရှားပါးလှရာ၊ မောင်သန့်လေးမှာ ဖခင်ထံမှ အင်္ဂလိပ်စာနှင့် စာပေဗဟုသုတတို့ကို သင်ယူလေ့လာ ဆည်းပူးခွင့် ရရှိခဲ့လေသည် ။,0,0,0,0,0,0,NULL,https://my.wikipedia.org/wiki/%E1%80%A6%E1%80%B8%E1%80%9E%E1%80%94%E1%80%B7%E1%80%BA
mya_3c515321,မြန်မာနိုင်ငံသုတေသနအသင်းကို တည်ထောင်ရာတွင်လည်း အဖွဲ့ဝင်တစ်ယောက်အဖြစ် ပါဝင်ခဲ့သည် ။,0,0,0,0,0,0,NULL,https://my.wikipedia.org/wiki/%E1%80%A6%E1%80%B8%E1%80%9E%E1%80%94%E1%80%B7%E1%80%BA
mya_7bcc89f0,မောင်သန့်သည် ငယ်စဉ်ကပင် စာရေးဆရာလုပ်ရန် ဝါသနာ ထုံခဲ့ရာ ရှေးခေတ်မြန်မာစာပေ ပညာရှင်ကြီးများရေးသားခဲ့သော ပျို့၊ ကဗျာ၊ မော်ကွန်းရာဇဝင်စသည့် ရှေးဟောင်းစာပေများနှင့် ရာဇဝင်များကို အချိန်ရလျှင်ရသလို လေ့လာလိုက်စားခဲ့သည် ။,0,0,0,0,0,0,NULL,https://my.wikipedia.org/wiki/%E1%80%A6%E1%80%B8%E1%80%9E%E1%80%94%E1%80%B7%E1%80%BA
mya_0b7d6ed2,ဤသို့ ရှင်မဟာရဋ္ဌသာရ၊ ရှင်မဟာ သီလဝံသမှ စ၍ နတ်ရှင်နောင်၊ နဝဒေး၊ လှိုင်ထိပ်ခေါင်တင်၊ မြဝတီမင်းကြီးဦးစ၊ စလေဦးပုည အဆုံး မြန်မာစာဆို တော်ကြီးများ၏ လက်ရာအဖုံဖုံကို လေ့လာဖတ်ရှုမှတ်သားခဲ့သည် ။,0,0,0,0,0,0,NULL,https://my.wikipedia.org/wiki/%E1%80%A6%E1%80%B8%E1%80%9E%E1%80%94%E1%80%B7%E1%80%BA
mya_74a7d812,မောင်သန့် ၁၂ နှစ်သားအရွယ်မှာပင် ဖခင်ဖြစ်သူ၏စာအုပ်စင်မှ ရှိတ်စပီးယား၊ နာမည်ကျော် စုံထောက် စာရေးဆရာ ဆာအာသာကိုနင်ဒွိုင်း စသူတို့၏ အင်္ဂလိပ်ဝတ္တုကြီးများကို မွှေနှောက်ရှာဖွေ၍ ဖတ်ရှုတတ် နေလေပြီ ။,0,0,0,0,0,0,NULL,https://my.wikipedia.org/wiki/%E1%80%A6%E1%80%B8%E1%80%9E%E1%80%94%E1%80%B7%E1%80%BA
mya_68b12b1b,သို့သော် မောင်သန့်အသက် ၁၄ နှစ်အရွယ်တွင် ဖခင်ကြီးရုတ်တရက်ကွယ်လွန်သွားခဲ့ရာ၊ မိခင်ဖြစ်သူ ဒေါ်နန်းသောင်မှာ သားလေးယောက်နှင့်ဘဝကို ရုန်းကန်ကြိုးစားရတော့သည် ။,0,0,0,0,0,0,NULL,https://my.wikipedia.org/wiki/%E1%80%A6%E1%80%B8%E1%80%9E%E1%80%94%E1%80%B7%E1%80%BA
mya_7f271507,ပန်းတနော်အထက်တန်းကျောင်းနှင့် ရန်ကုန်တက္ကသိုလ်တွင် သမိုင်းဘာသာရပ်ကို သင်ယူ လေ့လာခဲ့သည် ။,0,0,0,0,0,0,NULL,https://my.wikipedia.org/wiki/%E1%80%A6%E1%80%B8%E1%80%9E%E1%80%94%E1%80%B7%E1%80%BA
mya_edc46d2a,တက္ကသိုလ် ပြီးဆုံးသောအခါ ပန်းတနော်မြို့ အမျိုးသားကျောင်းတွင် ဆရာလုပ်ရန် ပြန်လာခဲ့သည် ။,0,0,0,0,0,0,NULL,https://my.wikipedia.org/wiki/%E1%80%A6%E1%80%B8%E1%80%9E%E1%80%94%E1%80%B7%E1%80%BA
mya_eceaccc7,အသက် ၂၅ နှစ်တွင် ထိုကျောင်း၏ ကျောင်းအုပ် ဖြစ်လာခဲ့သည် ။,0,0,0,0,0,0,NULL,https://my.wikipedia.org/wiki/%E1%80%A6%E1%80%B8%E1%80%9E%E1%80%94%E1%80%B7%E1%80%BA
mya_01ed7c53,ထိုအချိန်တွင် အနီးအနားရှိ မအူပင်မြို့တွင် နေထိုင်ပြီး ပညာအုပ်ဖြစ်သော နောင်တစ်ချိန်၌ မြန်မာနိုင်ငံ၏ ဝန်ကြီးချုပ်ဖြစ်လာမည့် ဦးနု နှင့် ခင်မင်ရင်းနှီးခဲ့သည် ။,0,0,0,0,0,0,NULL,https://my.wikipedia.org/wiki/%E1%80%A6%E1%80%B8%E1%80%9E%E1%80%94%E1%80%B7%E1%80%BA
mya_103bc072,ဦးသန့်သည် သီလဝ ဟူသော ကလောင်အမည်ဖြင့် အချို့မဂ္ဂဇင်းနှင့် သတင်းစာအတွက် ဆောင်းပါး အပတ်စဉ်ရေးပေးသည် ။,0,0,0,0,0,0,NULL,https://my.wikipedia.org/wiki/%E1%80%A6%E1%80%B8%E1%80%9E%E1%80%94%E1%80%B7%E1%80%BA
mya_cccb23e0,ဦးသန့်သည် စာအုပ်အချို့ကိုလည်း ဘာသာပြန်ခဲ့သည် ။,0,0,0,0,0,0,NULL,https://my.wikipedia.org/wiki/%E1%80%A6%E1%80%B8%E1%80%9E%E1%80%94%E1%80%B7%E1%80%BA
mya_9ec3ad16,လွတ်လပ်ရေးရခါစမြန်မာနိုင်ငံတွင် ဦးနု ဝန်ကြီးချုပ် ဖြစ်လာသောအခါ ဦးသန့်ကို ရန်ကုန်သို့ ခေါ်ယူပြီး ၁၉၄၈ ခုနှစ်တွင် အသံလွှင့်ဌာန၏ ညွှန်ကြားရေးမှူးအဖြစ် တာဝန်ပေးအပ်ခဲ့သည် ။,0,0,0,0,0,0,NULL,https://my.wikipedia.org/wiki/%E1%80%A6%E1%80%B8%E1%80%9E%E1%80%94%E1%80%B7%E1%80%BA
mya_4e71b928,နောက်နှစ်များတွင် ဦးသန့်အား မြန်မာအစိုးရ၏ ပြန်ကြားရေး ဝန်ကြီးဌာနတွင် အတွင်းရေးမှူးအဖြစ် တာဝန်ပေးအပ်ခြင်း ခံခဲ့ရသည် ။,0,0,0,0,0,0,NULL,https://my.wikipedia.org/wiki/%E1%80%A6%E1%80%B8%E1%80%9E%E1%80%94%E1%80%B7%E1%80%BA
mya_55e7464e,ဦးသန့်သည် ၁၉၅၁ ခုနှစ် မှ ၁၉၅၇ ခုနှစ်အထိ ဝန်ကြီးချုပ်၏ အတွင်းရေးမှူးအဖြစ် တာဝန်ထမ်းဆောင်ခဲ့ပြီး မိန့်ခွန်းများ ရေးသားပေးခြင်း၊ နိုင်ငံခြား ခရီးစဉ်များ စီစဉ်ပေးခြင်း နှင့် နိုင်ငံခြားမှ ဧည့်သည်တော်များကို လက်ခံတွေ့ဆုံခြင်းတို့ကို ဆောင်ရွက်ခဲ့သည် ။,0,0,0,0,0,0,NULL,https://my.wikipedia.org/wiki/%E1%80%A6%E1%80%B8%E1%80%9E%E1%80%94%E1%80%B7%E1%80%BA
mya_6bd64d8f,နိုင်ငံတကာ ကွန်ဖရင့် အများအပြားကို တက်ရောက်ခဲ့ပြီး ၁၉၅၅ ခုနှစ် အင်ဒိုနီးရှားနိုင်ငံ ဘန်ဒေါင်းမြို့ တွင် ကျင်းပသည့် ဘက်မလိုက်လှုပ်ရှားမှု ကို မွေးဖွားပေးခဲ့သော ပထမအကြိမ် အာရှ - အာဖရိက နိုင်ငံများဆိုင်ရာ ညီလာခံတွင် အတွင်းရေးမှူး အဖြစ်ဆောင်ရွက်ခဲ့သည် ။,0,0,0,0,0,0,NULL,https://my.wikipedia.org/wiki/%E1%80%A6%E1%80%B8%E1%80%9E%E1%80%94%E1%80%B7%E1%80%BA
mya_8f3e363b,မြို့မကျောင်း အုပ်ချုပ်ရေးအဖွဲ့ဝင်လူကြီးအဖြစ်လည်း ဆောင်ရွက်ခဲ့သည် ။,0,0,0,0,0,0,NULL,https://my.wikipedia.org/wiki/%E1%80%A6%E1%80%B8%E1%80%9E%E1%80%94%E1%80%B7%E1%80%BA
mya_aa936c17,နောင်တွင် တည့်တည့်မှန်မှန်လုပ်တတ်သော၊ မှန်သည်ထင်လျှင် အလျှော့မပေးတတ်သော ဦးသန့် နှင့် တိုင်းပြည်ခေါင်းဆောင်ဖြစ်သည့် ဦးနုတို့ မသင့်မမြတ်ဖြစ်ရာမှ ၁၉၅၇ ခုနှစ်တွင် ဦးသန့်အား ကုလသမဂ္ဂဆိုင်ရာ မြန်မာသံအမတ်ကြီးအဖြစ် ခန့်အပ်ကာ တာဝန်ထမ်းဆောင်ရန် အမေရိကန်ပြည်ထောင်စု၊ နယူးယောက်မြို့သို့ စေလွတ်ခဲ့သည် ။,0,0,0,0,0,0,NULL,https://my.wikipedia.org/wiki/%E1%80%A6%E1%80%B8%E1%80%9E%E1%80%94%E1%80%B7%E1%80%BA
mya_fbf54989,ဦးသန့်သည် ၁၉၅၇ ခုနှစ်မှ ၁၉၆၁ ခုနှစ်အထိ မြန်မာနိုင်ငံ၏ ကုလသမဂ္ဂအမြဲတမ်းကိုယ်စားလှယ် အဖြစ်သာမက အယ်လ်ဂျီးရီးယားနိုင်ငံ၏ လွတ်လပ်ရေး စေ့စပ်ဆွေးနွေးမှုများတွင်လည်း ပါဝင်ခဲ့သည် ။,0,0,0,0,0,0,NULL,https://my.wikipedia.org/wiki/%E1%80%A6%E1%80%B8%E1%80%9E%E1%80%94%E1%80%B7%E1%80%BA
mya_9d5b598c,၁၉၆၀ ခုနှစ်တွင် မြန်မာအစိုးရသည် ဦးသန့်ကို ပြည်ထောင်စုစည်သူသင်္ဂဟ ပြန်တမ်းအရ မဟာသရေစည်သူဘွဲ့နှင့် ဗိုလ်ရာထူး ပေးအပ်သည် ။,0,0,0,0,0,0,NULL,https://my.wikipedia.org/wiki/%E1%80%A6%E1%80%B8%E1%80%9E%E1%80%94%E1%80%B7%E1%80%BA
mya_fde48a08,ဦးသန့်သည် ကုလသမဂ္ဂ၏ တတိယမြောက် အထွေထွေအတွင်းရေးမှူးချုပ် ဖြစ်ပြီး ယင်းရာထူးအား အာရှနိုင်ငံများထဲမှ ပထမဦးဆုံး ရရှိသူဖြစ်သည် ။,0,0,0,0,0,0,NULL,https://my.wikipedia.org/wiki/%E1%80%A6%E1%80%B8%E1%80%9E%E1%80%94%E1%80%B7%E1%80%BA
mya_fd5d5fe7,ဦးသန့်သည် ၁၉၆၁ ခုနှစ် နိုဝင်ဘာလ ၃ ရက်မှ စတင်ကာ အထွေထွေအတွင်းရေးမှူးချုပ် ဒက်ဟမ်းမားရှိုး၏ မကုန်ဆုံးသေးသော သက်တမ်းကို ဖြည့်ဆည်းရန် လုံခြုံရေးကောင်စီ၏ ထောက်ခံချက်ဖြင့် အထွေထွေညီလာခံမှ ယာယီ အထွေထွေအတွင်းရေးမှူးချုပ်အဖြစ် ခန့်အပ်ခြင်းခံခဲ့ရသည် ။,0,0,0,0,0,0,NULL,https://my.wikipedia.org/wiki/%E1%80%A6%E1%80%B8%E1%80%9E%E1%80%94%E1%80%B7%E1%80%BA
mya_f2beb5a2,ထို့နောက် ၁၉၆၂ခုနှစ်၊ နိုဝင်ဘာလ ၃၀ ရက်နေ့တွင် အထွေထွေညီလာခံမှ ကုလသမဂ္ဂ အထွေထွေအတွင်းရေးမှူးချုပ်အဖြစ် ၁၉၆၆ ခုနှစ် နိုဝင်ဘာလ ၃ ရက် သက်တမ်းအထိ ခန့်အပ်ခြင်းခံခဲ့ရသည် ။,0,0,0,0,0,0,NULL,https://my.wikipedia.org/wiki/%E1%80%A6%E1%80%B8%E1%80%9E%E1%80%94%E1%80%B7%E1%80%BA
mya_dad374b9,သူ၏ပထမသက်တမ်းအတွင်းတွင် ကျူးဘားဒုံးပျံပြဿနာ (Cuban Missile Crisis) ကို ဖြေရှင်းပေးရာတွင် ပါဝင်စေ့စပ်ပေးမှု နှင့် ကွန်ဂိုပြည်တွင်းစစ်ကို ပြီးဆုံးစေခဲ့ခြင်းတို့ကြောင့် အများက အသိအမှတ်ပြုခြင်းခံခဲ့ရသည် ။,0,0,0,0,0,0,NULL,https://my.wikipedia.org/wiki/%E1%80%A6%E1%80%B8%E1%80%9E%E1%80%94%E1%80%B7%E1%80%BA
mya_17593b2d,ဦးသန့်သည် ၁၉၆၆ ခုနှစ် ဒီဇင်ဘာလ ၂ရက်တွင် လုံခြုံရေးကောင်စီမှ တညီတညွတ်တည်း ထောက်ခံမှုဖြင့် အထွေထွေညီလာခံမှ ကုလသမဂ္ဂအထွေထွေအတွင်းရေးမှူးချုပ် ဒုတိယသက်တမ်းအဖြစ် ထပ်မံခန့်အပ်ခြင်းခံခဲ့ရသည် ။,0,0,0,0,0,0,NULL,https://my.wikipedia.org/wiki/%E1%80%A6%E1%80%B8%E1%80%9E%E1%80%94%E1%80%B7%E1%80%BA
mya_47505858,သူ၏ အထွေထွေအတွင်းရေးမှူးချုပ် ဒုတိယသက်တမ်းမှာ ၁၉၇၁ ခုနှစ် ဒီဇင်ဘာလ ၃၁ ရက်နေ့ သူအငြိမ်းစားယူမည့် အချိန်အထိ ဖြစ်သည် ။,0,0,0,0,0,0,NULL,https://my.wikipedia.org/wiki/%E1%80%A6%E1%80%B8%E1%80%9E%E1%80%94%E1%80%B7%E1%80%BA
mya_73068f98,သူ၏ အတွင်းရေးမှူးချုပ် သက်တမ်းအတွင်းတွင် ကုလသမဂ္ဂသို့ အာရှ နှင့် အာဖရိကမှ ဒါဇင်မျှသော နိုင်ငံတို့ ဝင်ရောက်ရေးအတွက် ကြည့်ရှုစောင့်ကြပ်ခဲ့ရပြီး သူသည် တောင်အာဖရိက အသားအရောင်ခွဲခြားမှု ကို အပြင်းအထန် ဆန့်ကျင်သူဖြစ်သည် ။,0,0,0,0,0,0,NULL,https://my.wikipedia.org/wiki/%E1%80%A6%E1%80%B8%E1%80%9E%E1%80%94%E1%80%B7%E1%80%BA
mya_8255757a,"ထို့အပြင်သူသည် UNDP, UN University, UNCTAD နှင့် UN Environmental Programme အပါအဝင် ယူအင်န် ဖွံ့ဖြိုးရေးနှင့် သဘာဝပတ်ဝန်းကျင် ထိန်းသိမ်းစောင့်ရှောက်ရေးနှင့် သက်ဆိုင်သော အေဂျင်စီ၊ ရန်ပုံငွေအဖွဲ့နှင့် ပရိုဂရမ် အမြောက်အမြားကို တည်ထောင်ခဲ့သည် ။",0,0,0,0,0,0,NULL,https://my.wikipedia.org/wiki/%E1%80%A6%E1%80%B8%E1%80%9E%E1%80%94%E1%80%B7%E1%80%BA
mya_007a8d59,ဦးသန့်သည် မြောက်မြားလှသော ကြားဝင်ဖျန်ဖြေမှုများကို အောင်မြင်စွာ ဆောင်ရွက်ပေးနိုင်ခဲ့သည် ။,0,0,0,0,0,0,NULL,https://my.wikipedia.org/wiki/%E1%80%A6%E1%80%B8%E1%80%9E%E1%80%94%E1%80%B7%E1%80%BA
mya_cc72caf8,ဥပမာအားဖြင့် ၁၉၆၂တွင် ယီမင်အရေးနှင့် ၁၉၆၈တွင် ဘာရိန်းအရေးတို့ဖြစ်သည် ။,0,0,0,0,0,0,NULL,https://my.wikipedia.org/wiki/%E1%80%A6%E1%80%B8%E1%80%9E%E1%80%94%E1%80%B7%E1%80%BA
mya_85b76321,ယင်းကိစ္စတို့သည် ဒေသတွင်း ငြိမ်းချမ်းရေးကိုထိပါးစေနိုင်သည့် စစ်ဖြစ်ကြမည့် အရေးများဖြစ်ပြီး ဦးသန့်၏ လိမ္မာပါးနပ်စွာ ကြားဝင်စေ့စပ်ပေးမှုကြောင့်သာ စစ်ကိုရှောင်လွှဲနိုင်ခဲ့ခြင်းဖြစ်သည် ။,0,0,0,0,0,0,NULL,https://my.wikipedia.org/wiki/%E1%80%A6%E1%80%B8%E1%80%9E%E1%80%94%E1%80%B7%E1%80%BA
mya_2d0d08ff,သူ့အရင် အထွေအထွေအတွင်းရေးမှူးချုပ် နှစ်ယောက်နှင့်မတူပဲ သူသည် သက်တမ်းဆယ်နှစ်ပြည့်မြောက်သည်နှင့် အနားယူခဲ့သည် ။,0,0,0,0,0,0,NULL,https://my.wikipedia.org/wiki/%E1%80%A6%E1%80%B8%E1%80%9E%E1%80%94%E1%80%B7%E1%80%BA
mya_ffaf853a,ဦးသန့်ကို တာဝန်ပေးခန့်အပ်ခဲ့စဉ် ၁၉၆၁ခုနှစ်က ဆိုဗီယက်ပြည်ထောင်စုက အထွေထွေအတွင်းရေးမှူးချုပ်သုံးဦး ထားရှိမည့် Trioka အစီအစဉ်ကို ကြိုးပမ်းလာခဲ့ဖူးသည် ။,0,0,0,0,0,0,NULL,https://my.wikipedia.org/wiki/%E1%80%A6%E1%80%B8%E1%80%9E%E1%80%94%E1%80%B7%E1%80%BA
mya_0c9cd5a6,ယင်းအစီအစဉ်မှာ စစ်အေးစစ်ပွဲ ဆင်နွှဲနေကြသော ဆိုဗီယက်နှင့် အမေရိကန် ဦးဆောင်သည့် နိုင်ငံများဘက်မှ အထွေထွေအတွင်းရေးမှူးချုပ်နှစ်ဦးနှင့် အခြားတစ်ဦး ပေါင်းသုံးဦးဖြစ်သည် ။,0,0,0,0,0,0,NULL,https://my.wikipedia.org/wiki/%E1%80%A6%E1%80%B8%E1%80%9E%E1%80%94%E1%80%B7%E1%80%BA
mya_b39d27b0,၁၉၆၆ ခုနှစ် ဦးသန့်အား ဒုတိယသက်တမ်းအတွက် ထပ်မံတာဝန်ပေးသောအခါ ဦးသန့်၏ ပထမအကြိမ်သက်တမ်းအတွင်း စွမ်းဆောင်မှုများကြောင့် အထွေထွေအတွင်းရေးမှူးချုပ် တာဝန်ဝတ္တရား၏ အရေးပါမှုကို သိရှိလာသော ဆိုဗီယက်တို့သည် ယင်းအစီအစဉ်ကို ထပ်မံမတင်ပြတော့ပဲ တစ်ဦးတည်းသာ ခန့်အပ်ရန် သဘောတူခဲ့သည် ။,0,0,0,0,0,0,NULL,https://my.wikipedia.org/wiki/%E1%80%A6%E1%80%B8%E1%80%9E%E1%80%94%E1%80%B7%E1%80%BA
mya_14f6fb41,ဒုတိယသက်တမ်းအတွင်း ဦးသန့်သည် အာရပ်အစ္စရေးခြောက်ရက်စစ်ပွဲ (၁၉၆၇)၊ ပရာ့ဂ်နွေဦးတော်လှန်ရေးနှင့် ချက်ကိုဆလိုဗားကီးယားနိုင်ငံ သို့ ဆိုဗီယက်ကျူးကျော်မှု အရေးအခင်း၊ ၁၉၇၁တွင် ဘင်္ဂလားဒေ့ရှ်နိုင်ငံကိုလွတ်လပ်ရေး ရရှိစေမည့် အိန္ဒိယပါကစ္စတန်စစ်ပွဲ စသည်တို့ကို အေးငြိမ်းအောင် ဖြေရှင်းပေးနိုင်ခဲ့သည် ။,0,0,0,0,0,0,NULL,https://my.wikipedia.org/wiki/%E1%80%A6%E1%80%B8%E1%80%9E%E1%80%94%E1%80%B7%E1%80%BA
mya_d9918def,အီဂျစ်သမ္မတ နာဆာ၏တောင်းဆိုမှုကြောင့် ၁၉၆၇တွင် ဆိုင်းနိုင်းကျွန်းဆွယ်မှ ကုလငြိမ်းချမ်းရေးတပ်များ ရုပ်သိမ်းပေးရန် သဘောတူညီခဲ့မှုအတွက် အမေရိကန်ပြည်ထောင်စုနှင့် အစ္စရေးနိုင်ငံတို့၏ ပြင်းထန်စွာ ဝေဖန်ပြစ်တင်ခြင်းခံခဲ့ရသည် ။,0,0,0,0,0,0,NULL,https://my.wikipedia.org/wiki/%E1%80%A6%E1%80%B8%E1%80%9E%E1%80%94%E1%80%B7%E1%80%BA
mya_039f3add,ဦးသန့်သည် အစ္စရေးနိုင်ငံအား စစ်မတိုက်ရန် နောက်ဆုံးမိနစ်ပိုင်းအချိန်အထိ အီဂျစ်သမ္မတ နာဆာထံ သွားရောက်တွေ့ဆုံခဲ့သည် ။,0,0,0,0,0,0,NULL,https://my.wikipedia.org/wiki/%E1%80%A6%E1%80%B8%E1%80%9E%E1%80%94%E1%80%B7%E1%80%BA
mya_ffe07cfd,ဦးသန့်သည် ဗီယက်နမ်စစ်ပွဲ ကိစ္စတွင် အမေရိကန်ကို လူသိရှင်ကြား ဝေဖန်ပြစ်တင်ခဲ့သည့်အတွက် တစ်ချိန်က သူနှင့် အလွန်အင်မတန် ရင်းနှီးခဲ့သော အမေရိကန်အစိုးရနှင့် ဆက်ဆံရေး ယိုယွင်းလာခဲ့သည် ။,0,0,0,0,0,0,NULL,https://my.wikipedia.org/wiki/%E1%80%A6%E1%80%B8%E1%80%9E%E1%80%94%E1%80%B7%E1%80%BA
mya_c7b11de4,အမေရိကန်ပြည်ထောင်စု အစိုးရအဖွဲ့နှင့် ဗီယက်နမ်တို့ကြား တိုက်ရိုက်တွေ့ဆုံဆွေးနွေးနိုင်ရေးအတွက် သူ၏တိတ်တဆိတ်ကြိုးပမ်းမှုအား သမ္မတ ဂျွန်ဆင် အစိုးရအဖွဲ့၏ ငြင်းပယ်ခြင်းခံခဲ့ရသည် ။,0,0,0,0,0,0,NULL,https://my.wikipedia.org/wiki/%E1%80%A6%E1%80%B8%E1%80%9E%E1%80%94%E1%80%B7%E1%80%BA
mya_25821b8b,ဦးသန့်သည် အမျိုးအမည်မသိယာဉ်ပျံများ (UFO) ကိစ္စနှင့် ပတ်သက်၍ စိတ်ဝင်တစားလေ့လာခဲ့သည် ။,0,0,0,0,0,0,NULL,https://my.wikipedia.org/wiki/%E1%80%A6%E1%80%B8%E1%80%9E%E1%80%94%E1%80%B7%E1%80%BA
mya_1725db09,၁၉၆၇တွင် သူသည် အမေရိကန်လူမျိုး ရူပဗေဒပညာရှင် ဒေါက်တာဂျိမ်းစ်အီးမက္ကဒေါ်နယ်အား UFO နှင့်ပတ်သက်၍ ကုလသမဂ္ဂတွင် စကားပြောနိုင်ရန် စီစဉ်ပေးခဲ့ဖူးသည် ။,0,0,0,0,0,0,NULL,https://my.wikipedia.org/wiki/%E1%80%A6%E1%80%B8%E1%80%9E%E1%80%94%E1%80%B7%E1%80%BA
mya_c59d46d4,၁၉၇၁ခုနှစ်၊ ဇန်နဝါရီလ ၂၃ရက်နေ့တွင် ဦးသန့်က သူသည် မည်သည့်အကြောင်းပြချက်နှင့်မျှ တတိယသက်တမ်း အထွေထွေအတွင်းရေးမှူးချုပ် အဖြစ် ဆက်လက်လုပ်ကိုင်တော့မည်မဟုတ်ကြောင်း ပြတ်သားစွာ ပြောဆိုလိုက်သည် ။,0,0,0,0,0,0,NULL,https://my.wikipedia.org/wiki/%E1%80%A6%E1%80%B8%E1%80%9E%E1%80%94%E1%80%B7%E1%80%BA
mya_b0ab96d8,ကုလသမဂ္ဂ လုံခြုံရေးကောင်စီသည် ဆက်ခံမည့်သူကို သီတင်းပါတ်ပေါင်းများစွာ အပူတပြင်း ရှာဖွေခဲ့သည် ။,0,0,0,0,0,0,NULL,https://my.wikipedia.org/wiki/%E1%80%A6%E1%80%B8%E1%80%9E%E1%80%94%E1%80%B7%E1%80%BA
mya_7b933e64,နောက်ဆုံးတွင် ကွတ်ဝါးလ်ဟိုင်း ကို ရွေးချယ်ခဲ့ကြသည် ။,0,0,0,0,0,0,NULL,https://my.wikipedia.org/wiki/%E1%80%A6%E1%80%B8%E1%80%9E%E1%80%94%E1%80%B7%E1%80%BA
mya_9fe42e98,ဦးသန့်သည် ၎င်း၏သက်တမ်းမကုန်ဆုံးမီ ၁၀ ရက်အလို ကွတ်ဝါးလ်ဟိုင်း၏ ၅၃ နှစ်ပြည့်မွေးနေ့ဖြစ်သော ၁၉၇၁ခုနှစ်၊ ဒီဇင်ဘာလ ၂၁ရက်နေ့တွင် တာဝန်ဝတ္တရားများကို လွှဲပြောင်းပေးခဲ့သည် ။,0,0,0,0,0,0,NULL,https://my.wikipedia.org/wiki/%E1%80%A6%E1%80%B8%E1%80%9E%E1%80%94%E1%80%B7%E1%80%BA
mya_a927b861,ကုလသမဂ္ဂ၏ အထွေထွေညီလာခံတွင် သူ၏နောက်ဆုံးနှုတ်ဆက်မိန့်ခွန်းပြောရာ၌ သူသည် သူ၏ဝန်ထုပ်ဝန်ပိုးကြီးအခုမှ ကျသွားကြောင်း၊ အခုမှ စိတ်သက်သာပြီး လွတ်မြောက်မှုကို ခံစားရကြောင်း ပြောကြားခဲ့သည် ။,0,0,0,0,0,0,NULL,https://my.wikipedia.org/wiki/%E1%80%A6%E1%80%B8%E1%80%9E%E1%80%94%E1%80%B7%E1%80%BA
mya_43c623a7,နယူးယောက်တိုင်းမ်စ် သတင်းစာ၏ ၁၉၇၁ခုနှစ် ဒီဇင်ဘာလ ၂၇ရက်နေ့ အယ်ဒီတာ့အာဘော်တွင် ဦးသန့်လွတ်မြောက်ခြင်း The Liberation of U Thant ဟူသောခေါင်းစီးဖြင့် ငြိမ်းချမ်းရေးအကျိုးတော်ဆောင်ဦးသန့်ကို အငြိမ်းစားယူပြီးနောက်တွင်လည်း လိုအပ်ဦးမည်ဖြစ်ကြောင်း ချီးကျူးဂုဏ်ပြု ရေးသားခဲ့သည် ။,0,0,0,0,0,0,NULL,https://my.wikipedia.org/wiki/%E1%80%A6%E1%80%B8%E1%80%9E%E1%80%94%E1%80%B7%E1%80%BA
mya_d0223141,"အထွေထွေအတွင်းရေးမှူးချုပ်အဖြစ် တာဝန်ထမ်းဆောင်စဉ်ကာလအတွင်း ဦးသန့်သည် Palisade နှင့် Douglas Avenues လမ်းကြား၊ ၂၃၂လမ်းအနီးရှိ ၄.၇၅ ဧကမျှကျယ်သော Riverdale, Bronx ခြံတွင် နေထိုင်ခဲ့သည် ။",0,0,0,0,0,0,NULL,https://my.wikipedia.org/wiki/%E1%80%A6%E1%80%B8%E1%80%9E%E1%80%94%E1%80%B7%E1%80%BA
mya_1343aca5,၁၉၇၄ နိုဝင်ဘာ ၂၅ ရက်တွင် ဦးသန့်သည် နယူးယောက်မြို့၌ ပါးစောင်ကင်ဆာဖြင့်ကွယ်လွန်ခဲ့သည် ။,0,0,0,0,0,0,NULL,https://my.wikipedia.org/wiki/%E1%80%A6%E1%80%B8%E1%80%9E%E1%80%94%E1%80%B7%E1%80%BA
mya_3198c49e,ဦးသန့်၏ရုပ်ကလာပ်ကို မြန်မာပြည်သို့ ပြန်လည်သယ်ဆောင်ခဲ့သော်လည်း ထိုစဉ်က ပြည်တွင်းနိုင်ငံရေး အခြေအနေကြောင့် နိုင်ငံတော်အခမ်းအနားဖြင့် ဂုဏ်ပြုသင်္ဂြိုဟ်ခြင်း မပြုခဲ့ပါ ။,0,0,0,0,0,0,NULL,https://my.wikipedia.org/wiki/%E1%80%A6%E1%80%B8%E1%80%9E%E1%80%94%E1%80%B7%E1%80%BA
mya_69e7ca1e,ထိုစဉ်က သမ္မတဖြစ်သူ ဦးနေဝင်းသည် ဦးသန့်အား မြန်မာပြည်သူများက ချစ်ခင်ကြသည်ကို စိုးရိမ်၍လည်းကောင်း၊ ဦးသန့်၏မိတ်ဆွေဖြစ်သော ဦးနုမှ ဦးသန့်အကြောင်းပြကာ ဒီမိုကရေစီရေး ဆန္ဒပြမည်ကို စိုးရိမ်၍လည်းကောင်း ဦးသန့်၏ ရုပ်အလောင်းထည့်ထားသော ခေါင်းတလား ရန်ကုန်လေဆိပ်သို့ ရောက်သည့်တိုင် အဆင့်မြင့်အရာရှိကြီးများက လာရောက် ကြိုဆိုခြင်း မရှိခဲ့ပေ ။,0,0,0,0,0,0,NULL,https://my.wikipedia.org/wiki/%E1%80%A6%E1%80%B8%E1%80%9E%E1%80%94%E1%80%B7%E1%80%BA
mya_d4e1164e,လာရောက်ကြိုဆိုခဲ့သော ဒုတိယပညာရေးဝန်​ကြီး ဦးအောင်ထွန်းအား ထို့နောက် ရာထူးမှ အနားပေးခဲ့သည် ။,0,0,0,0,0,0,NULL,https://my.wikipedia.org/wiki/%E1%80%A6%E1%80%B8%E1%80%9E%E1%80%94%E1%80%B7%E1%80%BA
mya_891d7907,ဦးနေဝင်းက ဦးသန့်၏ ရုပ်အလောင်းအား အစိုးရအဖွဲ့မှ မည်သူ့ကိုမျှ မပါဝင်စေပဲ သင်္ဂြိုဟ်စေခဲ့သည် ။,0,0,0,0,0,0,NULL,https://my.wikipedia.org/wiki/%E1%80%A6%E1%80%B8%E1%80%9E%E1%80%94%E1%80%B7%E1%80%BA
mya_e56e045f,၁၉၇၄ခုနှစ်၊ ဒီဇင်ဘာလ ၅ရက်နေ့တွင် ဦးသန့်အားမမြှုပ်နှံမီ နာရီအနည်းငယ်မျှအလိုတွင် အများပြည်သူ နောက်ဆုံးဂါရဝပြုနိုင်ရန် ရန်ကုန်မြို့ ကျိုက္ကဆံကွင်းတွင် ပြသထားသည် ။,0,0,0,0,0,0,NULL,https://my.wikipedia.org/wiki/%E1%80%A6%E1%80%B8%E1%80%9E%E1%80%94%E1%80%B7%E1%80%BA
mya_3d95d600,ထိုစဉ်တွင် သာမန်သုဿာန်တွင် မြှုပ်နှံမည်ကို မလိုလားကြသော ကျောင်းသားနှင့်ပြည်သူအချို့က ဦးသန့်၏ ရုပ်အလောင်းအား လုယူသွားခဲ့သည် ။,0,0,0,0,0,0,NULL,https://my.wikipedia.org/wiki/%E1%80%A6%E1%80%B8%E1%80%9E%E1%80%94%E1%80%B7%E1%80%BA
mya_8efb2954,ထို့နောက်ကျောင်းသားများက ဦးသန့်၏ ရုပ်အလောင်းကို ယခင် ဦးနေဝင်းမှ ၁၉၆၂ခုနှစ်၊ ဇူလိုင်လ ၈ ရက်နေ့တွင် ဒိုင်းနမိုက်ဖြင့် ဖောက်ခွဲဖျက်ဆီးခဲ့သော ရန်ကုန်တက္ကသိုလ် ကျောင်းသားသမဂ္ဂနေရာဟောင်းတွင် မြှပ်နှံသင်္ဂြိုဟ်လိုက်သည် ။,0,0,0,0,0,0,NULL,https://my.wikipedia.org/wiki/%E1%80%A6%E1%80%B8%E1%80%9E%E1%80%94%E1%80%B7%E1%80%BA
mya_28f6aaf5,ဒီဇင်ဘာလ ၅ရက်နေ့မှ ၁၁ရက်နေ့အတွင်း ကျောင်းသားများသည် ယာယီဦးသန့်ဗိမ္မာန်ပြုလုပ်ကြပြီး အစိုးရဆန့်ကျင်ရေးတရားများ ဟောပြောကြသည် ။,0,0,0,0,0,0,NULL,https://my.wikipedia.org/wiki/%E1%80%A6%E1%80%B8%E1%80%9E%E1%80%94%E1%80%B7%E1%80%BA
mya_ae69e3d8,၁၉၇၄ခုနှစ်၊ ဒီဇင်ဘာလ ၁၁ရက်နေ့ နံနက်လင်းအားကြီးအချိန်တွင် အစိုးရစစ်တပ်မှ ကျောင်းဝင်းအတွင်းရှိ ကျောင်းသားအချို့ကို ဝင်ရောက်ပစ်ခတ်ပြီး ဦးသန့်၏ ရုပ်အလောင်းကို ပြန်လည်ယူဆောင်သွားကာ ရွှေတိဂုံစေတီတော် ခြေရင်းတွင် မြှပ်နှံပေးလိုက်သည် ။,0,0,0,0,0,0,NULL,https://my.wikipedia.org/wiki/%E1%80%A6%E1%80%B8%E1%80%9E%E1%80%94%E1%80%B7%E1%80%BA
mya_cf43524b,ယင်းသို့ တရကြမ်း ဝင်ရောက်လုယူမှုကြောင့် ကျောင်းသားများနှင့် ပြည်သူအများပါဝင်သော အုံကြွမှုကြီး ဖြစ်ပေါ်လာခဲ့သည် ။,0,0,0,0,0,0,NULL,https://my.wikipedia.org/wiki/%E1%80%A6%E1%80%B8%E1%80%9E%E1%80%94%E1%80%B7%E1%80%BA
mya_728e37a6,ရန်ကုန်မြို့နှင့် အနီးဝန်းကျင်တွင် စစ်အုပ်ချုပ်ရေး ကြေညာခဲ့သည် ။,0,0,0,0,0,0,NULL,https://my.wikipedia.org/wiki/%E1%80%A6%E1%80%B8%E1%80%9E%E1%80%94%E1%80%B7%E1%80%BA
mya_d5316ed3,ယင်းနောက် လူထုအုံကြွမှုကို အပြင်းအထန်နှိမ်နင်းခဲ့သဖြင့် ကျောင်းသားများနှင့် ပြည်သူများ သေဆုံးခဲ့သည် ။,0,0,0,0,0,0,NULL,https://my.wikipedia.org/wiki/%E1%80%A6%E1%80%B8%E1%80%9E%E1%80%94%E1%80%B7%E1%80%BA
mya_8f9c8259,ယင်းကို ဦးသန့် အရေးအခင်း‎ဟု ခေါ်တွင်သည် ။,0,0,0,0,0,0,NULL,https://my.wikipedia.org/wiki/%E1%80%A6%E1%80%B8%E1%80%9E%E1%80%94%E1%80%B7%E1%80%BA
mya_cef9eccd,၁၉၇၈တွင် ဦးသန့်ရေးသော ကုလမှရှုမြင်ချက် (View from the UN) စာအုပ်ကို အမေရိကန်ပုံနှိပ်တိုက် (American publishing house) မှ ပုံနှိပ်ထုတ်ဝေခဲ့သည် ။,0,0,0,0,0,0,NULL,https://my.wikipedia.org/wiki/%E1%80%A6%E1%80%B8%E1%80%9E%E1%80%94%E1%80%B7%E1%80%BA
mya_92486b90,နယူးယောက်မြို့တော် ကမ္ဘာ့ကုလသမဂ္ဂဌာနချုပ်အနီးရှိ မြစ်တွင်းမှ ဘဲလ်မောင့်ကျွန်း (Belmont Island) ကို ဦးသန့်အားဂုဏ်ပြုသောအားဖြင့် ဦးသန့်ကျွန်းဟု နာမည်ပြောင်းပေးခဲ့ကြသည် ။,0,0,0,0,0,0,NULL,https://my.wikipedia.org/wiki/%E1%80%A6%E1%80%B8%E1%80%9E%E1%80%94%E1%80%B7%E1%80%BA
mya_46f70342,ဦးသန့်သည် ဒေါ်သိန်းတင်နှင့် လက်ထပ်ထိမ်းမြားကာ သား သမီး၃ ဦး၊ မြေး ၄ ဦးနှင့် မြစ် ၃ ဦး ထွန်းကားခဲ့သည် ။,0,0,0,0,0,0,NULL,https://my.wikipedia.org/wiki/%E1%80%A6%E1%80%B8%E1%80%9E%E1%80%94%E1%80%B7%E1%80%BA
mya_e90af15d,ဦးသန့်၏ တစ်ဦးတည်းသော မြေးယောက်ျား ဦးသန့်မြင့်ဦး သည် သမိုင်းပညာရှင်တစ်ဦးဖြစ်ပြီး ကုလသမဂ္ဂ နိုင်ငံရေးဆိုင်ရာဌာနတွင် ဝါရင့်ဝန်ထမ်းဖြစ်ပြီး The River of Lost Footsteps (ခြေရာပျောက်မြစ်) ကို ရေးသားခဲ့သည် ။,0,0,0,0,0,0,NULL,https://my.wikipedia.org/wiki/%E1%80%A6%E1%80%B8%E1%80%9E%E1%80%94%E1%80%B7%E1%80%BA
mya_400e839d,ကမ္ဘာ့ငြိမ်းချမ်းရေးအတွက် အားကြိုးမာန်တက် ရှေးရှုလုပ်ကိုင်ကြသော အဖွဲ့အစည်းများနှင့် တစ်သီးပုဂ္ဂလများအား ဦးသန့်ငြိမ်းချမ်းရေးဆု အားတီထွင်ချီးမြှင့်သည် ။,0,0,0,0,0,0,NULL,https://my.wikipedia.org/wiki/%E1%80%A6%E1%80%B8%E1%80%9E%E1%80%94%E1%80%B7%E1%80%BA
mya_c60f2dc2,မလေးရှား၏ မြို့တော်ကွာလာလမ်ပူမှ သံရုံးများရှိသောလမ်းကို Jalan U Thant (ဦးသန့်လမ်း) ဟု ဦးသန့်ကို ဂုဏ်ပြုသောအားဖြင့် နာမည်ပေးခဲ့သည် ။,0,0,0,0,0,0,NULL,https://my.wikipedia.org/wiki/%E1%80%A6%E1%80%B8%E1%80%9E%E1%80%94%E1%80%B7%E1%80%BA
mya_83666ec2,ကုလသမဂ္ဂရုံးချုပ်၏ အရှေ့ဘက် မျက်နှာချင်းဆိုင်တွင်ရှိသော မြစ်အတွင်းရှိ ကျွန်းငယ်လေးအား ဦးသန့်ကျွန်း ဟု ဦးသန့်အား ဂုဏ်ပြုသော အားဖြင့်ခေါ်တွင်ခဲ့သည် ။,0,0,0,0,0,0,NULL,https://my.wikipedia.org/wiki/%E1%80%A6%E1%80%B8%E1%80%9E%E1%80%94%E1%80%B7%E1%80%BA
mya_2ab44f1b,ဂျပန်နိုင်ငံ၊ တိုကျိုမြို့၊ ကုလသမဂ္ဂတက္ကသိုလ် United Nations University (UNU) ဌာနချုပ်တွင် ဦးသန့်ဂုဏ်ပြုသင်ကြားပို့ချချက်များဟူသော သင်ခန်းစာကို ပုံမှန် သင်ကြားပေးလျက် ရှိသည် ။,0,0,0,0,0,0,NULL,https://my.wikipedia.org/wiki/%E1%80%A6%E1%80%B8%E1%80%9E%E1%80%94%E1%80%B7%E1%80%BA
mya_dd07bc85,ဂျပန်နိုင်ငံ၊ တိုကျိုမြို့၊ ကုလသမဂ္ဂတက္ကသိုလ် United Nations University (UNU) ဌာနချုပ်တွင် အဓိကကွန်ဖရင့်ခန်းမကြီးအား ဦးသန့်အမည်ဖြင့် မှည့်ခေါ်ထားသည် ။,0,0,0,0,0,0,NULL,https://my.wikipedia.org/wiki/%E1%80%A6%E1%80%B8%E1%80%9E%E1%80%94%E1%80%B7%E1%80%BA
mya_5030add8,ကုလသမဂ္ဂအပြည်ပြည်ဆိုင်ရာသင်တန်းကျောင်း (United Nations International School) တွင် ဦးသန့်ပညာသင်ဆုကို ပေးအပ်ချီးမြှင့်သည် ။,0,0,0,0,0,0,NULL,https://my.wikipedia.org/wiki/%E1%80%A6%E1%80%B8%E1%80%9E%E1%80%94%E1%80%B7%E1%80%BA
mya_abc7fb37,UN Photos of U Thant ။,0,0,0,0,0,0,NULL,https://my.wikipedia.org/wiki/%E1%80%A6%E1%80%B8%E1%80%9E%E1%80%94%E1%80%B7%E1%80%BA
mya_49e3a72e,Official U.N.S.G. biography ။,0,0,0,0,0,0,NULL,https://my.wikipedia.org/wiki/%E1%80%A6%E1%80%B8%E1%80%9E%E1%80%94%E1%80%B7%E1%80%BA
mya_95eb127d,Burma's Tomb Raiders 20 December 2006 ၌ မော်ကွန်းပြန်ကြည့်စက်တွင် မော်ကွန်းတင်ပြီး . ။,0,0,0,0,0,0,NULL,https://my.wikipedia.org/wiki/%E1%80%A6%E1%80%B8%E1%80%9E%E1%80%94%E1%80%B7%E1%80%BA
mya_a2f0c8c3,"ကုလသမဂ္ဂ (အင်္ဂလိပ်: United Nations, UN) သည် နိုင်ငံတကာ အစိုးရအဖွဲ့အစည်းတစ်ခု ဖြစ်ပြီး ၁၉၄၅ ခုနှစ် ဇွန်လ ၂၆ ရက်နေ့တွင် ကုလသမဂ္ဂ ပဋိညာဉ်စာချုပ်ကို လက်မှတ်ရေးထိုးခြင်းဖြင့် တည်ထောင်ခဲ့ပါသည် ။",0,0,0,0,0,0,NULL,https://my.wikipedia.org/wiki/%E1%80%80%E1%80%AF%E1%80%9C%E1%80%9E%E1%80%99%E1%80%82%E1%80%B9%E1%80%82
mya_25107390,၎င်း၏ ကြေညာထားသော ရည်ရွယ်ချက်များမှာ နိုင်ငံတကာ ငြိမ်းချမ်းရေးနှင့် လုံခြုံရေးကို ထိန်းသိမ်းခြင်း၊ နိုင်ငံများအကြား ချစ်ကြည်ရင်းနှီးသော ဆက်ဆံရေး တိုးမြှင့်ခြင်း၊ နိုင်ငံတကာ ပူးပေါင်းဆောင်ရွက်မှုကို မြှင့်တင်ခြင်း နှင့် ထိုရည်မှန်းချက်များ အောင်မြင်စေရန်အတွက် နိုင်ငံအသီးသီး၏ လုပ်ငန်းများကို ပေါင်းစပ်ညှိနှိုင်းပေးသည့် ဗဟိုဌာနအဖြစ် ဆောင်ရွက်ခြင်းတို့ ဖြစ်ပါသည် ။,0,0,0,0,0,0,NULL,https://my.wikipedia.org/wiki/%E1%80%80%E1%80%AF%E1%80%9C%E1%80%9E%E1%80%99%E1%80%82%E1%80%B9%E1%80%82
mya_b87b6124,ကုလသမဂ္ဂ၏ ရုံးချုပ်သည် နယူးယောက်မြို့တွင် တည်ရှိပြီး၊ အခြားရုံးများစွာမှာ ဂျီနီဗာ၊ နိုင်ရိုဘီ၊ ဗီယင်နာနှင့် သည်ဟိဂ်မြို့များတွင် တည်ရှိကြပါသည် ။,0,0,0,0,0,0,NULL,https://my.wikipedia.org/wiki/%E1%80%80%E1%80%AF%E1%80%9C%E1%80%9E%E1%80%99%E1%80%82%E1%80%B9%E1%80%82
mya_8b08e885,ကုလသမဂ္ဂတွင် ပင်မအဖွဲ့အစည်းကြီး ခြောက်ခု ပါဝင်ဖွဲ့စည်းထားပြီး ၎င်းတို့မှာ အထွေထွေညီလာခံ၊ လုံခြုံရေးကောင်စီ၊ စီးပွားရေးနှင့် လူမှုရေးကောင်စီ၊ အပြည်ပြည်ဆိုင်ရာ တရားရုံး၊ အတွင်းရေးမှူးချုပ်ရုံးနှင့် ထိန်းချုပ်မှု ကောင်စီ (Trusteeship Council) တို့ ဖြစ်ပါသည် ။,0,0,0,0,0,0,NULL,https://my.wikipedia.org/wiki/%E1%80%80%E1%80%AF%E1%80%9C%E1%80%9E%E1%80%99%E1%80%82%E1%80%B9%E1%80%82
mya_794ad850,ဤအဖွဲ့အစည်းများသည် အထူးပြုအေဂျင်စီအချို့နှင့် ဆက်စပ်အေဂျင်စီများတို့နှင့်အတူ ကုလသမဂ္ဂစနစ်ကို ဖွဲ့စည်းထားပါသည် ။,0,0,0,0,0,0,NULL,https://my.wikipedia.org/wiki/%E1%80%80%E1%80%AF%E1%80%9C%E1%80%9E%E1%80%99%E1%80%82%E1%80%B9%E1%80%82
mya_17ba9c50,ကုလသမဂ္ဂသည် ၂၀ ရာစု အလယ်ပိုင်း ကိုလိုနီနယ်များ လွတ်လပ်ရေးရယူခြင်းလှိုင်းကာလတွင် အထူးသဖြင့် စီးပွားရေးနှင့် လူမှုရေး ဖွံ့ဖြိုးတိုးတက်မှုအပေါ် အဓိက အာရုံစိုက်ခဲ့ပါသည် ။,0,0,0,0,0,0,NULL,https://my.wikipedia.org/wiki/%E1%80%80%E1%80%AF%E1%80%9C%E1%80%9E%E1%80%99%E1%80%82%E1%80%B9%E1%80%82
mya_43e911bc,ကုလသမဂ္ဂသည် ငြိမ်းချမ်းရေးနှင့် လူသားဖွံ့ဖြိုးတိုးတက်မှု၏ ခေါင်းဆောင်အဖြစ် ချီးကျူးခံရပြီး၊ ၎င်း၏ အရာရှိများနှင့် အေဂျင်စီများစွာသည် နိုဘယ်ငြိမ်းချမ်းရေးဆု ချီးမြှင့်ခြင်းခံခဲ့ရပါသည် ။,0,0,0,0,0,0,NULL,https://my.wikipedia.org/wiki/%E1%80%80%E1%80%AF%E1%80%9C%E1%80%9E%E1%80%99%E1%80%82%E1%80%B9%E1%80%82
mya_08d16fa0,သို့သော်လည်း ထိရောက်မှုမရှိဟု ထင်မြင်ယူဆခြင်း၊ ဘက်လိုက်မှု နှင့် အဂတိလိုက်စားမှုတို့ကြောင့်လည်း ဝေဖန်မှုများ ခံရလျက်ရှိပါသည် ။,0,0,0,0,0,0,NULL,https://my.wikipedia.org/wiki/%E1%80%80%E1%80%AF%E1%80%9C%E1%80%9E%E1%80%99%E1%80%82%E1%80%B9%E1%80%82
mya_f61f750e,ကုလသမဂ္ဂသည် နိုင်ငံပေါင်းချုပ်အသင်းကြီး၏ သမိုင်းအမွေကို ဆက်ခံသော အဖွဲ့ကြီး ဖြစ်သည် ။,0,0,0,0,0,0,NULL,https://my.wikipedia.org/wiki/%E1%80%80%E1%80%AF%E1%80%9C%E1%80%9E%E1%80%99%E1%80%82%E1%80%B9%E1%80%82
mya_fed41f49,ကုလသမဂ္ဂ (United Nations) ဟူသော အမည်သည် ၁၉၄၂ ခုနှစ်၊ ကုလသမဂ္ဂ ကြေညာစာတမ်း (Declaration By United Nations) တွင် ဝင်စတန်ချာချီနှင့် ရုစဗဲ့တို့က စတင် အသုံးပြုခဲ့ခြင်း ဖြစ်သည် ။,0,0,0,0,0,0,NULL,https://my.wikipedia.org/wiki/%E1%80%80%E1%80%AF%E1%80%9C%E1%80%9E%E1%80%99%E1%80%82%E1%80%B9%E1%80%82
mya_c9f2d800,၁၉၄၅ ဧပြီ (၂၅) တွင် ကုလသမဂ္ဂညီလာခံကို ဆန်ဖရန်စစ္စကိုမြို့တွင် ကျင်းပခဲ့ရာ နိုင်ငံပေါင်း (၅၀) တက်ရောက်ခဲ့ကြကာ ကုလသမဂ္ဂပဋိညာဉ် (Charter of the United Nations ) မူကြမ်းကို အတည်ပြုနိုင်ခဲ့ကြသည် ။,0,0,0,0,0,0,NULL,https://my.wikipedia.org/wiki/%E1%80%80%E1%80%AF%E1%80%9C%E1%80%9E%E1%80%99%E1%80%82%E1%80%B9%E1%80%82
mya_e454fd1a,၁၉၄၅ အောက်တိုဘာ (၂၄) တွင် ကုလသမဂ္ဂအမည်ဖြင့် တရားဝင် ပေါ်ထွန်းခဲ့ပြီး ပြင်သစ်၊ တရုတ်၊ ဆိုဗီယက်၊ ဗြိတိန် နှင့် အမေရိကန် နိုင်ငံ (၅) နိုင်ငံသည် အမြဲတမ်း အဖွဲ့ဝင်နိုင်ငံများ ဖြစ်လာကာ အခြား နိုင်ငံ (၄၆) နိုင်ငံလည်း ပါဝင်ခဲ့သည် ။,0,0,0,0,0,0,NULL,https://my.wikipedia.org/wiki/%E1%80%80%E1%80%AF%E1%80%9C%E1%80%9E%E1%80%99%E1%80%82%E1%80%B9%E1%80%82
mya_040ea08e,ပထမဆုံး အထွေထွေညီလာခံကို ၁၉၄၆ ဇန်နဝါရီတွင် လန်ဒန်မြို့၌ ကျင်းပခဲ့ပြီး အဖွဲ့ဝင် နိုင်ငံ (၅၁) နိုင်ငံ တက်ရောက်ခဲ့ကြသည် ။,0,0,0,0,0,0,NULL,https://my.wikipedia.org/wiki/%E1%80%80%E1%80%AF%E1%80%9C%E1%80%9E%E1%80%99%E1%80%82%E1%80%B9%E1%80%82
mya_3661d9c1,ကုလသမဂ္ဂ၏ ရုံးချုပ်တည်နေရာအဖြစ် နယူးယောက်မြို့ကို အထွေထွေညီလာခံမှ ရွေးချယ်ခဲ့သည် ။,0,0,0,0,0,0,NULL,https://my.wikipedia.org/wiki/%E1%80%80%E1%80%AF%E1%80%9C%E1%80%9E%E1%80%99%E1%80%82%E1%80%B9%E1%80%82
mya_a47820ca,ရုံးချုပ်အဆောက်အအုံများ စတင်တည်ဆောက်ခြင်းကို ၁၉၄၈ ခုနှစ် စက်တင်ဘာလ ၁၄ ရက်နေ့တွင် စတင်ခဲ့ပြီး၊ ၁၉၅၂ ခုနှစ် အောက်တိုဘာလ ၉ ရက်နေ့တွင် ပြီးစီးခဲ့ပါသည် ။,0,0,0,0,0,0,NULL,https://my.wikipedia.org/wiki/%E1%80%80%E1%80%AF%E1%80%9C%E1%80%9E%E1%80%99%E1%80%82%E1%80%B9%E1%80%82
mya_b0a29a1a,နော်ဝေးနိုင်ငံခြားရေးဝန်ကြီးဖြစ်သူ Trygve Lie သည် ပထမဆုံး ရွေးချယ်တင်မြှောက်ခံရသော ကုလသမဂ္ဂ အတွင်းရေးမှူးချုပ် ဖြစ်ခဲ့ပါသည် ။,0,0,0,0,0,0,NULL,https://my.wikipedia.org/wiki/%E1%80%80%E1%80%AF%E1%80%9C%E1%80%9E%E1%80%99%E1%80%82%E1%80%B9%E1%80%82
mya_1faff3ab,၁၄ ဇူလိုင် ၂၀၁၁ ခုနှစ်တွင် တောင်ဆူဒန်နိုင်ငံမှ ၁၉၃ နိုင်ငံမြောက် အဖွဲ့ဝင်နိုင်ငံအဖြစ် ကုလသမဂ္ဂသို့ ဝင်လာခဲ့သည် ။,0,0,0,0,0,0,NULL,https://my.wikipedia.org/wiki/%E1%80%80%E1%80%AF%E1%80%9C%E1%80%9E%E1%80%99%E1%80%82%E1%80%B9%E1%80%82
mya_4657d79d,ကုလသမဂ္ဂသည် ပိုမိုကျယ်ပြန့်သော ကုလသမဂ္ဂစနစ်၏ အစိတ်အပိုင်းတစ်ခုဖြစ်ပြီး၊ ယင်းစနစ်တွင် ကျယ်ပြန့်သည့် အဖွဲ့အစည်းများနှင့် အဖွဲ့အစည်းများ၏ ကွန်ရက်တစ်ခု ပါဝင်ပါသည် ။,0,0,0,0,0,0,NULL,https://my.wikipedia.org/wiki/%E1%80%80%E1%80%AF%E1%80%9C%E1%80%9E%E1%80%99%E1%80%82%E1%80%B9%E1%80%82
mya_c6e8865f,ကုလသမဂ္ဂ ပဋိဉာဉ်စာတမ်းဖြင့် တည်ထောင်ထားသော အဓိက အဖွဲ့အစည်းကြီး ငါးခုမှာ ယင်းစနစ်၏ ဗဟိုတွင် တည်ရှိပြီး၊ ၎င်းတို့မှာ အထွေထွေညီလာခံ၊ လုံခြုံရေးကောင်စီ၊ စီးပွားရေးနှင့် လူမှုရေးကောင်စီ၊ အပြည်ပြည်ဆိုင်ရာ တရားရုံး နှင့် ကုလသမဂ္ဂအတွင်းရေးမှူးချုပ်ရုံးတို့ ဖြစ်ကြသည် ။,0,0,0,0,0,0,NULL,https://my.wikipedia.org/wiki/%E1%80%80%E1%80%AF%E1%80%9C%E1%80%9E%E1%80%99%E1%80%82%E1%80%B9%E1%80%82
mya_24d6c3d0,ဆဋ္ဌမမြောက် အဓိက အဖွဲ့အစည်းဖြစ်သည့် ထိန်းချုပ်မှု ကောင်စီသည် နောက်ဆုံး အုပ်ချုပ်ခံနယ်မြေဖြစ်သည့် ပါလောင် လွတ်လပ်ရေး ရရှိခဲ့သော ၁၉၉၄ ခုနှစ် နိုဝင်ဘာလ ၁ ရက်နေ့မှစ၍ လုပ်ငန်းများ ရပ်ဆိုင်းထားပါသည် ။,0,0,0,0,0,0,NULL,https://my.wikipedia.org/wiki/%E1%80%80%E1%80%AF%E1%80%9C%E1%80%9E%E1%80%99%E1%80%82%E1%80%B9%E1%80%82
mya_743b9b7b,အဓိက အဖွဲ့အစည်းကြီး ငါးခုအနက် လေးခုသည် နယူးယောက်မြို့ရှိ ကုလသမဂ္ဂ ရုံးချုပ် အဆောက်အအုံတွင် တည်ရှိပြီး၊ အပြည်ပြည်ဆိုင်ရာ တရားရုံး (International Court of Justice) မှာမူ သည်ဟိဂ်မြို့တွင် တည်ရှိပါသည် ။,0,0,0,0,0,0,NULL,https://my.wikipedia.org/wiki/%E1%80%80%E1%80%AF%E1%80%9C%E1%80%9E%E1%80%99%E1%80%82%E1%80%B9%E1%80%82
mya_89db755d,အခြား အဓိက အေဂျင်စီ အများစုမှာ ဂျီနီဗာ၊ ဗီယင်နာ နှင့် နိုင်ရိုဘီမြို့များရှိ ကုလသမဂ္ဂ ရုံးများတွင် အခြေစိုက်ပြီး၊ ထပ်တိုး ကုလသမဂ္ဂ အဖွဲ့အစည်းများမှာမူ ကမ္ဘာတစ်ဝန်းလုံး၌ တည်ရှိကြပါသည် ။,0,0,0,0,0,0,NULL,https://my.wikipedia.org/wiki/%E1%80%80%E1%80%AF%E1%80%9C%E1%80%9E%E1%80%99%E1%80%82%E1%80%B9%E1%80%82
mya_981f9818,ကုလသမဂ္ဂ၏ တရားဝင် ဘာသာစကား ခြောက်မျိုးမှာ အစိုးရအချင်းချင်း အစည်းအဝေးများနှင့် စာရွက်စာတမ်းများတွင် အသုံးပြုသော အာရဗီ၊ တရုတ်၊ အင်္ဂလိပ်၊ ပြင်သစ်၊ ရုရှား နှင့် စပိန်ဘာသာစကားများ ဖြစ်ကြပါသည် ။,0,0,0,0,0,0,NULL,https://my.wikipedia.org/wiki/%E1%80%80%E1%80%AF%E1%80%9C%E1%80%9E%E1%80%99%E1%80%82%E1%80%B9%E1%80%82
mya_151bfe0b,ကုလသမဂ္ဂ၏ အခွင့်အရေးများနှင့် ကင်းလွတ်ခွင့်များဆိုင်ရာ သဘောတူညီချက် (Convention on the Privileges and Immunities of the United Nations) အပေါ် အခြေခံ၍ ကုလသမဂ္ဂနှင့် ၎င်း၏ အေဂျင်စီများသည် လုပ်ငန်းများ ဆောင်ရွက်သည့် နိုင်ငံများ၏ ဥပဒေများမှ ကင်းလွတ်ခွင့်ရရှိကြပြီး၊ ယင်းက လက်ခံဆောင်ရွက်သည့် နိုင်ငံများနှင့် အဖွဲ့ဝင်နိုင်ငံများအပေါ် ကုလသမဂ္ဂ၏ ဘက်မလိုက်မှုကို အကာအကွယ်ပေးပါသည် ။,0,0,0,0,0,0,NULL,https://my.wikipedia.org/wiki/%E1%80%80%E1%80%AF%E1%80%9C%E1%80%9E%E1%80%99%E1%80%82%E1%80%B9%E1%80%82
mya_022db6a8,"အဓိက အဖွဲ့အစည်းကြီး ခြောက်ခု၏ အောက်တွင်မူ စာရေးဆရာ Linda Fasulo ၏ အဆိုအရ ""အံ့ဩဖွယ်ကောင်းသော အဖွဲ့အစည်းများနှင့် အဖွဲ့အစည်းများ စုစည်းမှု"" များစွာ ရှိပြီး၊ ၎င်းတို့အနက် အချို့မှာ ကုလသမဂ္ဂထက်ပင် သက်တမ်းပို၍ ရှည်ကြာပြီး ကုလသမဂ္ဂမှ လုံးဝနီးပါး လွတ်လပ်စွာ လည်ပတ်နေကြပါသည် ။",0,0,0,0,0,0,NULL,https://my.wikipedia.org/wiki/%E1%80%80%E1%80%AF%E1%80%9C%E1%80%9E%E1%80%99%E1%80%82%E1%80%B9%E1%80%82
mya_6125dfca,၎င်းတို့တွင် အထူးပြုအေဂျင်စီများ၊ သုတေသနနှင့် လေ့ကျင့်ရေးအဖွဲ့အစည်းများ၊ အစီအစဉ်များနှင့် ရန်ပုံငွေအဖွဲ့များ နှင့် အခြားသော ကုလသမဂ္ဂအဖွဲ့အစည်းများ ပါဝင်ပါသည် ။,0,0,0,0,0,0,NULL,https://my.wikipedia.org/wiki/%E1%80%80%E1%80%AF%E1%80%9C%E1%80%9E%E1%80%99%E1%80%82%E1%80%B9%E1%80%82
mya_838bbcab,ကုလသမဂ္ဂ စနစ်အတွင်းရှိ အဖွဲ့အစည်းအားလုံးသည် Noblemaire နိယာမကို လိုက်နာကြသည် ။,0,0,0,0,0,0,NULL,https://my.wikipedia.org/wiki/%E1%80%80%E1%80%AF%E1%80%9C%E1%80%9E%E1%80%99%E1%80%82%E1%80%B9%E1%80%82
mya_db468374,ယင်းနိယာမမှာ လစာအမြင့်ဆုံးပေးသော နိုင်ငံများမှ နိုင်ငံသားများကို ဆွဲဆောင်ထိန်းသိမ်းနိုင်မည့် လစာနှုန်းထားများ ချမှတ်ရန်နှင့် ဝန်ထမ်း၏ နိုင်ငံသားဖြစ်မှု မခွဲခြားဘဲ တန်ဖိုးတူ အလုပ်အတွက် တူညီသော လစာရရှိစေရန် ဖြစ်ပါသည် ။,0,0,0,0,0,0,NULL,https://my.wikipedia.org/wiki/%E1%80%80%E1%80%AF%E1%80%9C%E1%80%9E%E1%80%99%E1%80%82%E1%80%B9%E1%80%82
mya_22d5f0ca,လက်တွေ့တွင် ကုလသမဂ္ဂ ဝန်ထမ်းများ၏ အခြေအနေများကို အုပ်ချုပ်သည့် အပြည်ပြည်ဆိုင်ရာ အရပ်ဘက်ဝန်ဆောင်မှု ကော်မရှင် (International Civil Service Commission) သည် လစာအမြင့်ဆုံးပေးသော အမျိုးသား အရပ်ဘက်ဝန်ဆောင်မှုကို ကိုးကား၍ သတ်မှတ်သည် ။,0,0,0,0,0,0,NULL,https://my.wikipedia.org/wiki/%E1%80%80%E1%80%AF%E1%80%9C%E1%80%9E%E1%80%99%E1%80%82%E1%80%B9%E1%80%82
mya_73f13c95,ဝန်ထမ်းများ၏ လစာများသည် ကုလသမဂ္ဂ အဖွဲ့အစည်းများမှ စီမံခန့်ခွဲသော အတွင်းပိုင်း အခွန်စနစ်၏ ဘောင်အတွင်းတွင် ရှိပါသည် ။,0,0,0,0,0,0,NULL,https://my.wikipedia.org/wiki/%E1%80%80%E1%80%AF%E1%80%9C%E1%80%9E%E1%80%99%E1%80%82%E1%80%B9%E1%80%82
mya_bcf628d3,ကုလသမဂ္ဂ အထွေထွေညီလာခံသည် ကုလသမဂ္ဂ၏ အဓိက ဆွေးနွေးတိုင်ပင်ဆုံးဖြတ်သည့် အဖွဲ့အစည်း ဖြစ်ပါသည် ။,0,0,0,0,0,0,NULL,https://my.wikipedia.org/wiki/%E1%80%80%E1%80%AF%E1%80%9C%E1%80%9E%E1%80%99%E1%80%82%E1%80%B9%E1%80%82
mya_babd2f65,ကုလသမဂ္ဂ အဖွဲ့ဝင်နိုင်ငံအားလုံးဖြင့် ဖွဲ့စည်းထားပြီး၊ ညီလာခံကို အထွေထွေညီလာခံခန်းမ၌ နှစ်စဉ်ပုံမှန်ကျင်းပလေ့ရှိသော်လည်း အရေးပေါ်အစည်းအဝေးများကိုလည်း ခေါ်ယူနိုင်သည် ။,0,0,0,0,0,0,NULL,https://my.wikipedia.org/wiki/%E1%80%80%E1%80%AF%E1%80%9C%E1%80%9E%E1%80%99%E1%80%82%E1%80%B9%E1%80%82
mya_51b4f925,ညီလာခံကို ဒေသအလိုက် အလှည့်ကျ ရွေးချယ်တင်မြှောက်သည့် ဥက္ကဋ္ဌ တစ်ဦးနှင့် ဒုတိယဥက္ကဋ္ဌ ၂၁ ဦးတို့က ဦးဆောင်ပါသည် ။,0,0,0,0,0,0,NULL,https://my.wikipedia.org/wiki/%E1%80%80%E1%80%AF%E1%80%9C%E1%80%9E%E1%80%99%E1%80%82%E1%80%B9%E1%80%82
mya_130edc03,ပထမဆုံးအကြိမ် ညီလာခံကို ၁၉၄၆ ခုနှစ် ဇန်နဝါရီလ ၁၀ ရက်နေ့တွင် လန်ဒန်မြို့ရှိ Methodist Central Hall ၌ ကျင်းပခဲ့ပြီး နိုင်ငံပေါင်း ၅၁ နိုင်ငံမှ ကိုယ်စားလှယ်များ တက်ရောက်ခဲ့ကြသည် ။,0,0,0,0,0,0,NULL,https://my.wikipedia.org/wiki/%E1%80%80%E1%80%AF%E1%80%9C%E1%80%9E%E1%80%99%E1%80%82%E1%80%B9%E1%80%82
mya_9845bbf2,အထွေထွေညီလာခံသည် ငြိမ်းချမ်းရေးနှင့် လုံခြုံရေး၊ အဖွဲ့ဝင်သစ်များ လက်ခံခြင်းနှင့် ဘတ်ဂျက်ဆိုင်ရာ ကိစ္စရပ်များကဲ့သို့ အရေးကြီးသော အကြောင်းအရာများကို ဆုံးဖြတ်သည့်အခါ တက်ရောက်မဲပေးသူများ၏ သုံးပုံနှစ်ပုံ မဲအရေအတွက် လိုအပ်ပါသည် ။,0,0,0,0,0,0,NULL,https://my.wikipedia.org/wiki/%E1%80%80%E1%80%AF%E1%80%9C%E1%80%9E%E1%80%99%E1%80%82%E1%80%B9%E1%80%82
mya_641283b1,အခြားကိစ္စရပ်အားလုံးကိုမူ မဲအများစုဖြင့် ဆုံးဖြတ်သည် ။,0,0,0,0,0,0,NULL,https://my.wikipedia.org/wiki/%E1%80%80%E1%80%AF%E1%80%9C%E1%80%9E%E1%80%99%E1%80%82%E1%80%B9%E1%80%82
mya_cf0b3c14,အဖွဲ့ဝင်နိုင်ငံတိုင်းတွင် မဲတစ်မဲစီရှိသည် ။,0,0,0,0,0,0,NULL,https://my.wikipedia.org/wiki/%E1%80%80%E1%80%AF%E1%80%9C%E1%80%9E%E1%80%99%E1%80%82%E1%80%B9%E1%80%82
mya_a2fee73e,ဘတ်ဂျက်ဆိုင်ရာကိစ္စရပ်များ အတည်ပြုခြင်းမှအပ ကျန် ဆုံးဖြတ်ချက်များသည် အဖွဲ့ဝင်နိုင်ငံများအပေါ် မဖြစ်မနေလိုက်နာရန် အကျုံးမဝင်ပါ ။,0,0,0,0,0,0,NULL,https://my.wikipedia.org/wiki/%E1%80%80%E1%80%AF%E1%80%9C%E1%80%9E%E1%80%99%E1%80%82%E1%80%B9%E1%80%82
mya_6f00cd10,လုံခြုံရေးကောင်စီမှ စဉ်းစားသုံးသပ်နေသည့် ငြိမ်းချမ်းရေးနှင့် လုံခြုံရေးဆိုင်ရာ ကိစ္စရပ်များမှအပ ကုလသမဂ္ဂ၏ လုပ်ငန်းနယ်ပယ်အတွင်းရှိ မည်သည့်ကိစ္စရပ်နှင့် ပတ်သက်၍မဆို ညီလာခံက အကြံပြုချက်များ ပြုလုပ်နိုင်ပါသည် ။,0,0,0,0,0,0,NULL,https://my.wikipedia.org/wiki/%E1%80%80%E1%80%AF%E1%80%9C%E1%80%9E%E1%80%99%E1%80%82%E1%80%B9%E1%80%82
mya_ab97751b,မူကြမ်းဆုံးဖြတ်ချက်များကို အထွေထွေညီလာခံ၏ အဓိက ကော်မတီကြီး ခြောက်ခုမှ တင်သွင်းနိုင်သည်- ။,0,0,0,0,0,0,NULL,https://my.wikipedia.org/wiki/%E1%80%80%E1%80%AF%E1%80%9C%E1%80%9E%E1%80%99%E1%80%82%E1%80%B9%E1%80%82
mya_1fc2266b,ပထမကော်မတီ (လက်နက်ဖျက်သိမ်းရေးနှင့် နိုင်ငံတကာလုံခြုံရေး) ။,0,0,0,0,0,0,NULL,https://my.wikipedia.org/wiki/%E1%80%80%E1%80%AF%E1%80%9C%E1%80%9E%E1%80%99%E1%80%82%E1%80%B9%E1%80%82
mya_20c2c1e1,ဒုတိယကော်မတီ (စီးပွားရေးနှင့် ဘဏ္ဍာရေး) ။,0,0,0,0,0,0,NULL,https://my.wikipedia.org/wiki/%E1%80%80%E1%80%AF%E1%80%9C%E1%80%9E%E1%80%99%E1%80%82%E1%80%B9%E1%80%82
mya_d1d8eaa5,တတိယကော်မတီ (လူမှုရေး၊ လူသားချင်းစာနာထောက်ထားမှုနှင့် ယဉ်ကျေးမှု) ။,0,0,0,0,0,0,NULL,https://my.wikipedia.org/wiki/%E1%80%80%E1%80%AF%E1%80%9C%E1%80%9E%E1%80%99%E1%80%82%E1%80%B9%E1%80%82
mya_72096061,စတုတ္ထကော်မတီ (အထူးနိုင်ငံရေးနှင့် ကိုလိုနီနယ်မြေများအား လွတ်လပ်ရေးပေးရေး) ။,0,0,0,0,0,0,NULL,https://my.wikipedia.org/wiki/%E1%80%80%E1%80%AF%E1%80%9C%E1%80%9E%E1%80%99%E1%80%82%E1%80%B9%E1%80%82
mya_0fb31eb9,ပဉ္စမကော်မတီ (အုပ်ချုပ်ရေးနှင့် ဘတ်ဂျက်) ။,0,0,0,0,0,0,NULL,https://my.wikipedia.org/wiki/%E1%80%80%E1%80%AF%E1%80%9C%E1%80%9E%E1%80%99%E1%80%82%E1%80%B9%E1%80%82
mya_9f86a663,ဆဋ္ဌမကော်မတီ (ဥပဒေ) ထို့အပြင် အောက်ပါ အခြားကော်မတီနှစ်ခုမှလည်း တင်သွင်းနိုင်သည်- ။,0,0,0,0,0,0,NULL,https://my.wikipedia.org/wiki/%E1%80%80%E1%80%AF%E1%80%9C%E1%80%9E%E1%80%99%E1%80%82%E1%80%B9%E1%80%82
mya_4b264877,အထွေထွေကော်မတီ – ညီလာခံ၏ ဥက္ကဋ္ဌ၊ ဒုတိယဥက္ကဋ္ဌများနှင့် ကော်မတီဥက္ကဋ္ဌများ ပါဝင်သော ကြီးကြပ်ရေးကော်မတီ ။,0,0,0,0,0,0,NULL,https://my.wikipedia.org/wiki/%E1%80%80%E1%80%AF%E1%80%9C%E1%80%9E%E1%80%99%E1%80%82%E1%80%B9%E1%80%82
mya_62855aee,အသိအမှတ်ပြုလက်မှတ် ကော်မတီ – အဖွဲ့ဝင်နိုင်ငံအသီးသီးမှ ကုလသမဂ္ဂ ကိုယ်စားလှယ်များ၏ အသိအမှတ်ပြုလက်မှတ်များကို စစ်ဆေးဆုံးဖြတ်ရန် တာဝန်ရှိသော ကော်မတီ ။,0,0,0,0,0,0,NULL,https://my.wikipedia.org/wiki/%E1%80%80%E1%80%AF%E1%80%9C%E1%80%9E%E1%80%99%E1%80%82%E1%80%B9%E1%80%82
mya_c4ae1d0f,လုံခြုံရေးကောင်စီသည် နိုင်ငံများအကြား ငြိမ်းချမ်းရေးနှင့် လုံခြုံရေးကို ထိန်းသိမ်းရန် တာဝန်ယူထားပါသည် ။,0,0,0,0,0,0,NULL,https://my.wikipedia.org/wiki/%E1%80%80%E1%80%AF%E1%80%9C%E1%80%9E%E1%80%99%E1%80%82%E1%80%B9%E1%80%82
mya_91515913,ကုလသမဂ္ဂ၏ အခြားအဖွဲ့အစည်းများသည် အဖွဲ့ဝင်နိုင်ငံများသို့ အကြံပြုချက်များသာ ပြုလုပ်နိုင်သော်လည်း၊ လုံခြုံရေးကောင်စီတွင်မူ ကုလသမဂ္ဂ ပဋိဉာဉ်စာတမ်း အပိုဒ် ၂၅ အရ အဖွဲ့ဝင်နိုင်ငံများ လိုက်နာရန် သဘောတူထားသည့် မဖြစ်မနေ လိုက်နာရမည့် ဆုံးဖြတ်ချက်များ ချမှတ်နိုင်သည့် အာဏာရှိပါသည် ။,0,0,0,0,0,0,NULL,https://my.wikipedia.org/wiki/%E1%80%80%E1%80%AF%E1%80%9C%E1%80%9E%E1%80%99%E1%80%82%E1%80%B9%E1%80%82
mya_ece74406,ကောင်စီ၏ ဆုံးဖြတ်ချက်များကို ကုလသမဂ္ဂ လုံခြုံရေးကောင်စီ ဆုံးဖြတ်ချက်များဟု ခေါ်ဆိုပါသည် ။,0,0,0,0,0,0,NULL,https://my.wikipedia.org/wiki/%E1%80%80%E1%80%AF%E1%80%9C%E1%80%9E%E1%80%99%E1%80%82%E1%80%B9%E1%80%82
mya_dfd23fe6,လုံခြုံရေးကောင်စီကို အဖွဲ့ဝင်နိုင်ငံ ၁၅ နိုင်ငံဖြင့် ဖွဲ့စည်းထားပါသည် ။,0,0,0,0,0,0,NULL,https://my.wikipedia.org/wiki/%E1%80%80%E1%80%AF%E1%80%9C%E1%80%9E%E1%80%99%E1%80%82%E1%80%B9%E1%80%82
mya_329b602c,ဗီတိုအာဏာရှိသော အမြဲတမ်းအဖွဲ့ဝင် ၅ နိုင်ငံ (တရုတ်၊ ပြင်သစ်၊ ရုရှား၊ ဗြိတိန်နှင့် အမေရိကန်) နှင့် အမြဲတမ်းမဟုတ်သော အဖွဲ့ဝင် ၁၀ နိုင်ငံ (လက်ရှိတွင် အယ်လ်ဂျီးရီးယား၊ အီကွေဒေါ၊ ဂိုင်ယာနာ၊ ဂျပန်၊ မော်လ်တာ၊ မိုဇမ်ဘစ်၊ ကိုရီးယားသမ္မတနိုင်ငံ၊ ဆီရာလီယွန်၊ ဆလိုဗေးနီးယားနှင့် ဆွစ်ဇာလန်) တို့ ပါဝင်ပါသည် ။,0,0,0,0,0,0,NULL,https://my.wikipedia.org/wiki/%E1%80%80%E1%80%AF%E1%80%9C%E1%80%9E%E1%80%99%E1%80%82%E1%80%B9%E1%80%82
mya_a3ed38f3,အမြဲတမ်းအဖွဲ့ဝင် ၅ နိုင်ငံသည် ကုလသမဂ္ဂ ဆုံးဖြတ်ချက်များအပေါ် ဗီတိုအာဏာ ပိုင်ဆိုင်ထားပြီး၊ ဆုံးဖြတ်ချက်အား ဆွေးနွေးခြင်းကို မတားမြစ်သော်လည်း အတည်ပြုခြင်းကို ပိတ်ပင်နိုင်ပါသည် ။,0,0,0,0,0,0,NULL,https://my.wikipedia.org/wiki/%E1%80%80%E1%80%AF%E1%80%9C%E1%80%9E%E1%80%99%E1%80%82%E1%80%B9%E1%80%82
mya_0b96bb44,အမြဲတမ်းမဟုတ်သော အဖွဲ့ဝင် ၁၀ နေရာကို ဒေသအလိုက် အထွေထွေညီလာခံမှ တစ်နှစ်လျှင် ၅ နိုင်ငံနှုန်းဖြင့် နှစ်နှစ်သက်တမ်းအတွက် ရွေးချယ်တင်မြှောက်ပါသည် ။,0,0,0,0,0,0,NULL,https://my.wikipedia.org/wiki/%E1%80%80%E1%80%AF%E1%80%9C%E1%80%9E%E1%80%99%E1%80%82%E1%80%B9%E1%80%82
mya_f82f4e4d,လုံခြုံရေးကောင်စီ၏ ဥက္ကဋ္ဌနေရာသည် လစဉ် အက္ခရာစဉ်အတိုင်း အလှည့်ကျ ပြောင်းလဲပါသည် ။,0,0,0,0,0,0,NULL,https://my.wikipedia.org/wiki/%E1%80%80%E1%80%AF%E1%80%9C%E1%80%9E%E1%80%99%E1%80%82%E1%80%B9%E1%80%82
mya_f48116ed,ကုလသမဂ္ဂအတွင်းရေးမှူးချုပ်ရုံးသည် ကုလသမဂ္ဂစနစ်ကို လည်ပတ်ထိန်းသိမ်းရန် လိုအပ်သော နေ့စဉ်လုပ်ငန်းများကို ဆောင်ရွက်ပါသည် ။,0,0,0,0,0,0,NULL,https://my.wikipedia.org/wiki/%E1%80%80%E1%80%AF%E1%80%9C%E1%80%9E%E1%80%99%E1%80%82%E1%80%B9%E1%80%82
mya_b03abb4c,ယင်းတွင် ကမ္ဘာတစ်ဝန်းလုံးရှိ နိုင်ငံတကာဝန်ထမ်း ထောင်ပေါင်းများစွာဖြင့် ဖွဲ့စည်းထားပြီး၊ အတွင်းရေးမှူးချုပ်က ဦးဆောင်ကာ ဒုတိယအတွင်းရေးမှူးချုပ်က ကူညီဆောင်ရွက်ပါသည် ။,0,0,0,0,0,0,NULL,https://my.wikipedia.org/wiki/%E1%80%80%E1%80%AF%E1%80%9C%E1%80%9E%E1%80%99%E1%80%82%E1%80%B9%E1%80%82
mya_71344a0b,အတွင်းရေးမှူးချုပ်ရုံး၏ တာဝန်များတွင် ကုလသမဂ္ဂအဖွဲ့အစည်းများ၏ အစည်းအဝေးများအတွက် လိုအပ်သော အချက်အလက်များနှင့် အထောက်အပံ့များ ပံ့ပိုးပေးခြင်း၊ နှင့် လုံခြုံရေးကောင်စီ၊ အထွေထွေညီလာခံ၊ စီးပွားရေးနှင့် လူမှုရေးကောင်စီနှင့် အခြားသော ကုလသမဂ္ဂအဖွဲ့အစည်းများ၏ ညွှန်ကြားချက်များအတိုင်း လုပ်ငန်းများ ဆောင်ရွက်ခြင်းတို့ ပါဝင်ပါသည် ။,0,0,0,0,0,0,NULL,https://my.wikipedia.org/wiki/%E1%80%80%E1%80%AF%E1%80%9C%E1%80%9E%E1%80%99%E1%80%82%E1%80%B9%E1%80%82
mya_2322cbb4,အတွင်းရေးမှူးချုပ်သည် ကုလသမဂ္ဂ၏ ပြောရေးဆိုခွင့်ရှိသူနှင့် ခေါင်းဆောင်အဖြစ် ဆောင်ရွက်ပါသည် ။,0,0,0,0,0,0,NULL,https://my.wikipedia.org/wiki/%E1%80%80%E1%80%AF%E1%80%9C%E1%80%9E%E1%80%99%E1%80%82%E1%80%B9%E1%80%82
mya_ca917838,ကုလသမဂ္ဂ ပဋိဉာဉ်စာတမ်းအရ ဤရာထူးကို အဖွဲ့အစည်း၏ အဓိက အုပ်ချုပ်ရေးမှူးချုပ်အဖြစ် သတ်မှတ်ထားသည် ။,0,0,0,0,0,0,NULL,https://my.wikipedia.org/wiki/%E1%80%80%E1%80%AF%E1%80%9C%E1%80%9E%E1%80%99%E1%80%82%E1%80%B9%E1%80%82
mya_41821c9e,"ပဋိဉာဉ်စာတမ်း၏ အပိုဒ် ၉၉ တွင် အတွင်းရေးမှူးချုပ်သည် ""မိမိတို့၏ ထင်မြင်ယူဆချက်အရ နိုင်ငံတကာ ငြိမ်းချမ်းရေးနှင့် လုံခြုံရေးကို ထိန်းသိမ်းခြင်းအား ခြိမ်းခြောက်နိုင်သည့် မည်သည့်ကိစ္စရပ်ကိုမဆို"" လုံခြုံရေးကောင်စီ၏ အာရုံစိုက်မှုကို ခံယူနိုင်သည်ဟု ပြဋ္ဌာန်းထားသည် ။",0,0,0,0,0,0,NULL,https://my.wikipedia.org/wiki/%E1%80%80%E1%80%AF%E1%80%9C%E1%80%9E%E1%80%99%E1%80%82%E1%80%B9%E1%80%82
mya_0c5b9dec,Trygve Lie လက်ထက်မှစ၍ အတွင်းရေးမှူးချုပ်များသည် ဤစာသားကို နိုင်ငံတကာကဏ္ဍတွင် လုပ်ဆောင်ရန် ဤရာထူးအတွက် ကျယ်ပြန့်သော လုပ်ပိုင်ခွင့် ရှိသည်ဟု အဓိပ္ပါယ်ဖွင့်ဆိုခဲ့ကြသည် ။,0,0,0,0,0,0,NULL,https://my.wikipedia.org/wiki/%E1%80%80%E1%80%AF%E1%80%9C%E1%80%9E%E1%80%99%E1%80%82%E1%80%B9%E1%80%82
mya_0696be6f,ဤရာထူးသည် ကုလသမဂ္ဂအဖွဲ့အစည်း၏ အုပ်ချုပ်ရေးမှူးနှင့် အဖွဲ့ဝင်နိုင်ငံများအကြား အငြင်းပွားမှုများကို ဖြေရှင်းပြီး ကမ္ဘာ့ကိစ္စရပ်များအတွက် သဘောတူညီမှု ရရှိရန် ကြိုးပမ်းသည့် သံတမန်နှင့် ကြားဝင်စေ့စပ်သူဟူသော နှစ်ခုပေါင်းစပ်ထားသည့် အခန်းကဏ္ဍအဖြစ် ပြောင်းလဲတိုးတက်လာပါသည် ။,0,0,0,0,0,0,NULL,https://my.wikipedia.org/wiki/%E1%80%80%E1%80%AF%E1%80%9C%E1%80%9E%E1%80%99%E1%80%82%E1%80%B9%E1%80%82
mya_3b835a82,အတွင်းရေးမှူးချုပ်ကို လုံခြုံရေးကောင်စီ၏ အကြံပြုချက် (အမြဲတမ်းအဖွဲ့ဝင်များ ဗီတိုအာဏာရှိသည်) အပေါ်မူတည်၍ အထွေထွေညီလာခံမှ ခန့်အပ်ပါသည် ။,0,0,0,0,0,0,NULL,https://my.wikipedia.org/wiki/%E1%80%80%E1%80%AF%E1%80%9C%E1%80%9E%E1%80%99%E1%80%82%E1%80%B9%E1%80%82
mya_83e521d7,ဤရာထူးအတွက် တိကျသော သတ်မှတ်ချက်များ မရှိသော်လည်း နှစ်များတစ်လျှောက်တွင် ဤရာထူးကို ငါးနှစ်သက်တမ်း တစ်ကြိမ် သို့မဟုတ် နှစ်ကြိမ် ထမ်းဆောင်သည်ဟု လက်ခံလာကြသည် ။,0,0,0,0,0,0,NULL,https://my.wikipedia.org/wiki/%E1%80%80%E1%80%AF%E1%80%9C%E1%80%9E%E1%80%99%E1%80%82%E1%80%B9%E1%80%82
mya_4854a3ed,လက်ရှိအတွင်းရေးမှူးချုပ်မှာ ပေါ်တူဂီနိုင်ငံမှ António Guterres ဖြစ်ပြီး ၂၀၁၇ ခုနှစ်တွင် Ban Ki-moon ထံမှ တာဝန်လွှဲပြောင်း ရယူခဲ့သူ ဖြစ်ပါသည် ။,0,0,0,0,0,0,NULL,https://my.wikipedia.org/wiki/%E1%80%80%E1%80%AF%E1%80%9C%E1%80%9E%E1%80%99%E1%80%82%E1%80%B9%E1%80%82
mya_13981b94,အပြည်ပြည်ဆိုင်ရာ တရားရုံးတော် (ICJ) ကို ကမ္ဘာ့တရားရုံးဟုလည်း တစ်ခါတစ်ရံ ခေါ်ဆိုလေ့ရှိပြီး၊ ၎င်းသည် ကုလသမဂ္ဂ၏ အဓိက တရားစီရင်ရေးဆိုင်ရာ အဖွဲ့အစည်း ဖြစ်ပါသည် ။,0,0,0,0,0,0,NULL,https://my.wikipedia.org/wiki/%E1%80%80%E1%80%AF%E1%80%9C%E1%80%9E%E1%80%99%E1%80%82%E1%80%B9%E1%80%82
mya_bd25df77,၎င်းသည် ယခင် နိုင်ငံပေါင်းချုပ်အသင်းကြီး၏ အမြဲတမ်း အပြည်ပြည်ဆိုင်ရာ တရားရုံး (Permanent Court of International Justice) ၏ ဆက်ခံသူဖြစ်ပြီး၊ နယ်သာလန်နိုင်ငံ၊ သည်ဟိဂ်မြို့ရှိ ငြိမ်းချမ်းရေးနန်းတော် (Peace Palace) တွင် တည်ရှိသော ထိုတရားရုံးဟောင်း၏ ရုံးချုပ်နေရာကို အသုံးပြုလျက်ရှိရာ၊ နယူးယောက်မြို့တွင် အခြေစိုက်ခြင်းမရှိသည့် တစ်ခုတည်းသော ကုလသမဂ္ဂ၏ အဓိက အဖွဲ့အစည်း ဖြစ်ပါသည် ။,0,0,0,0,0,0,NULL,https://my.wikipedia.org/wiki/%E1%80%80%E1%80%AF%E1%80%9C%E1%80%9E%E1%80%99%E1%80%82%E1%80%B9%E1%80%82
mya_b4010b74,ICJ ၏ အဓိက လုပ်ငန်းတာဝန်မှာ နိုင်ငံများအကြား ဖြစ်ပွားသော အငြင်းပွားမှုများကို စီရင်ဆုံးဖြတ်ပေးခြင်း ဖြစ်ပါသည် ။,0,0,0,0,0,0,NULL,https://my.wikipedia.org/wiki/%E1%80%80%E1%80%AF%E1%80%9C%E1%80%9E%E1%80%99%E1%80%82%E1%80%B9%E1%80%82
mya_4a1ab62a,၎င်းတို့ စီရင်ဆုံးဖြတ်ခဲ့သော ကိစ္စရပ်များ၏ ဥပမာများတွင် စစ်ရာဇဝတ်မှုများ၊ နိုင်ငံတော် အချုပ်အခြာအာဏာကို ချိုးဖောက်မှုများနှင့် လူမျိုးသန့်စင်မှုများ ပါဝင်ပါသည် ။,0,0,0,0,0,0,NULL,https://my.wikipedia.org/wiki/%E1%80%80%E1%80%AF%E1%80%9C%E1%80%9E%E1%80%99%E1%80%82%E1%80%B9%E1%80%82
mya_70260570,တရားရုံးအား အခြားသော ကုလသမဂ္ဂအဖွဲ့အစည်းများကလည်း နိုင်ငံတကာဥပဒေဆိုင်ရာ ကိစ္စရပ်များနှင့် ပတ်သက်၍ အကြံဉာဏ်ပေးမှုများ (advisory opinions) ပြုလုပ်ရန် တောင်းဆိုနိုင်ပါသည် ။,0,0,0,0,0,0,NULL,https://my.wikipedia.org/wiki/%E1%80%80%E1%80%AF%E1%80%9C%E1%80%9E%E1%80%99%E1%80%82%E1%80%B9%E1%80%82
mya_06f18828,ကုလသမဂ္ဂ အဖွဲ့ဝင်နိုင်ငံအားလုံးသည် ကုလသမဂ္ဂ ပဋိဉာဉ်စာတမ်း၏ အရေးကြီးသော အစိတ်အပိုင်းဖြစ်သည့် ICJ ဥပဒေ (ICJ Statute) ကို လိုက်နာသူများ ဖြစ်ကြပြီး၊ အဖွဲ့ဝင်မဟုတ်သော နိုင်ငံများလည်း ပါဝင်လာနိုင်ပါသည် ။,0,0,0,0,0,0,NULL,https://my.wikipedia.org/wiki/%E1%80%80%E1%80%AF%E1%80%9C%E1%80%9E%E1%80%99%E1%80%82%E1%80%B9%E1%80%82
mya_6629f543,ICJ ၏ စီရင်ဆုံးဖြတ်ချက်များသည် ပါဝင်ပတ်သက်သော နိုင်ငံများအပေါ် မဖြစ်မနေ လိုက်နာရန် အကျုံးဝင်ပြီး၊ ၎င်း၏ အကြံဉာဏ်ပေးမှုများနှင့်အတူ နိုင်ငံတကာဥပဒေ၏ ရင်းမြစ်များအဖြစ် ဆောင်ရွက်ပါသည် ။,0,0,0,0,0,0,NULL,https://my.wikipedia.org/wiki/%E1%80%80%E1%80%AF%E1%80%9C%E1%80%9E%E1%80%99%E1%80%82%E1%80%B9%E1%80%82
mya_628bd011,တရားရုံးတွင် တရားသူကြီး ၁၅ ဦးဖြင့် ဖွဲ့စည်းထားပြီး၊ ၎င်းတို့ကို အထွေထွေညီလာခံမှ ကိုးနှစ်သက်တမ်းအတွက် ခန့်အပ်ပါသည် ။,0,0,0,0,0,0,NULL,https://my.wikipedia.org/wiki/%E1%80%80%E1%80%AF%E1%80%9C%E1%80%9E%E1%80%99%E1%80%82%E1%80%B9%E1%80%82
mya_f1f70a90,တာဝန်ထမ်းဆောင်နေသည့် တရားသူကြီးတိုင်းသည် မတူညီသော နိုင်ငံမှ ဖြစ်ရမည်ဟူသော သတ်မှတ်ချက်လည်း ရှိပါသည် ။,0,0,0,0,0,0,NULL,https://my.wikipedia.org/wiki/%E1%80%80%E1%80%AF%E1%80%9C%E1%80%9E%E1%80%99%E1%80%82%E1%80%B9%E1%80%82
mya_97406cf3,စီးပွားရေးနှင့် လူမှုရေး ကောင်စီ (ECOSOC) သည် နိုင်ငံတကာ စီးပွားရေးနှင့် လူမှုရေး ပူးပေါင်းဆောင်ရွက်မှုနှင့် ဖွံ့ဖြိုးတိုးတက်မှုကို မြှင့်တင်ရာတွင် အထွေထွေညီလာခံကို ကူညီဆောင်ရွက်ပါသည် ။,0,0,0,0,0,0,NULL,https://my.wikipedia.org/wiki/%E1%80%80%E1%80%AF%E1%80%9C%E1%80%9E%E1%80%99%E1%80%82%E1%80%B9%E1%80%82
mya_835e0112,၎င်းကို ကမ္ဘာ့ကိစ္စရပ်များအတွက် ကုလသမဂ္ဂ၏ အဓိက ဖိုရမ်အဖြစ် ဆောင်ရွက်ရန် တည်ထောင်ခဲ့ခြင်း ဖြစ်ပြီး၊ ကုလသမဂ္ဂ၏ အကြီးမားဆုံးနှင့် အရှုပ်ထွေးဆုံး အဖွဲ့အစည်းတစ်ခုလည်း ဖြစ်ပါသည် ။,0,0,0,0,0,0,NULL,https://my.wikipedia.org/wiki/%E1%80%80%E1%80%AF%E1%80%9C%E1%80%9E%E1%80%99%E1%80%82%E1%80%B9%E1%80%82
mya_8acc52ac,ECOSOC ၏ လုပ်ငန်းတာဝန်များတွင် အချက်အလက်များ စုဆောင်းခြင်း၊ လေ့လာမှုများ ပြုလုပ်ခြင်း နှင့် အဖွဲ့ဝင်နိုင်ငံများသို့ အကြံဉာဏ်ပေးခြင်းနှင့် အကြံပြုချက်များ ပြုလုပ်ခြင်းတို့ ပါဝင်သည် ။,0,0,0,0,0,0,NULL,https://my.wikipedia.org/wiki/%E1%80%80%E1%80%AF%E1%80%9C%E1%80%9E%E1%80%99%E1%80%82%E1%80%B9%E1%80%82
mya_7e905b02,၎င်း၏ လုပ်ငန်းများကို ကျယ်ပြန့်သော ကိစ္စရပ်အမျိုးမျိုးကို အာရုံစိုက်သည့် လက်အောက်ခံ အဖွဲ့အစည်းများမှတစ်ဆင့် အဓိက ဆောင်ရွက်ပါသည် ။,0,0,0,0,0,0,NULL,https://my.wikipedia.org/wiki/%E1%80%80%E1%80%AF%E1%80%9C%E1%80%9E%E1%80%99%E1%80%82%E1%80%B9%E1%80%82
mya_e8491289,ယင်းတို့တွင် မူရင်းတိုင်းရင်းသားလူမျိုးများဆိုင်ရာ ကိစ္စရပ်များအတွက် ကုလသမဂ္ဂအေဂျင်စီများသို့ အကြံဉာဏ်ပေးသည့် ကုလသမဂ္ဂ မူရင်းတိုင်းရင်းသားလူမျိုးများဆိုင်ရာ အမြဲတမ်းဖိုရမ် (United Nations Permanent Forum on Indigenous Issues)၊ ရေရှည်တည်တံ့သော သစ်တောစီမံခန့်ခွဲမှုကို ပေါင်းစပ်ညှိနှိုင်းပြီး မြှင့်တင်သည့် ကုလသမဂ္ဂ သစ်တောဆိုင်ရာဖိုရမ် (United Nations Forum on Forests)၊ အေဂျင်စီများအကြား အချက်အလက်စုဆောင်းရေး ကြိုးပမ်းမှုများကို ညှိနှိုင်းဆောင်ရွက်သည့် ကုလသမဂ္ဂ စာရင်းအင်းကော်မရှင် (United Nations Statistical Commission) နှင့် ရေရှည်တည်တံ့သော ဖွံ့ဖြိုးတိုးတက်ရေးအတွက် လုပ်ဆောင်နေသော ကုလသမဂ္ဂအေဂျင်စီများနှင့် အစိုးရမဟုတ်သော အဖွဲ့အစည်းများအကြား ကြိုးပမ်းမှုများကို ပေါင်းစပ်ညှိနှိုင်းသည့် ရေရှည်တည်တံ့သော ဖွံ့ဖြိုးတိုးတက်ရေးကော်မရှင် (Commission on Sustainable Development) တို့ ပါဝင်သည် ။,0,0,0,0,0,0,NULL,https://my.wikipedia.org/wiki/%E1%80%80%E1%80%AF%E1%80%9C%E1%80%9E%E1%80%99%E1%80%82%E1%80%B9%E1%80%82
mya_bcbf149c,ECOSOC သည် အစိုးရမဟုတ်သော အဖွဲ့အစည်းများအား အကြံဉာဏ်ပေးအဖွဲ့အဖြစ် အသိအမှတ်ပြုမှု အဆင့် (consultative status) ကိုလည်း ပေးအပ်နိုင်ပါသည် ။,0,0,0,0,0,0,NULL,https://my.wikipedia.org/wiki/%E1%80%80%E1%80%AF%E1%80%9C%E1%80%9E%E1%80%99%E1%80%82%E1%80%B9%E1%80%82
mya_d1701b69,"၂၀၂၁ ခုနှစ် ဧပြီလအထိ အဖွဲ့အစည်းပေါင်း ၅,၆၀၀ နီးပါးသည် ဤအဆင့်ကို ရရှိထားကြပါသည် ။",0,0,0,0,0,0,NULL,https://my.wikipedia.org/wiki/%E1%80%80%E1%80%AF%E1%80%9C%E1%80%9E%E1%80%99%E1%80%82%E1%80%B9%E1%80%82
mya_1391d73c,ကုလသမဂ္ဂ ပဋိဉာဉ်စာတမ်းတွင် ကုလသမဂ္ဂ၏ အဓိကအဖွဲ့အစည်း တစ်ခုချင်းစီသည် ၎င်းတို့၏ တာဝန်များကို ထမ်းဆောင်ရန်အတွက် အမျိုးမျိုးသော အထူးပြုအေဂျင်စီများကို တည်ထောင်နိုင်သည်ဟု ပြဋ္ဌာန်းထားပါသည် ။,0,0,0,0,0,0,NULL,https://my.wikipedia.org/wiki/%E1%80%80%E1%80%AF%E1%80%9C%E1%80%9E%E1%80%99%E1%80%82%E1%80%B9%E1%80%82
mya_2fe7b823,အထူးပြုအေဂျင်စီများသည် ကိုယ်ပိုင်အုပ်ချုပ်ခွင့်ရ အဖွဲ့အစည်းများဖြစ်ကြပြီး၊ ကုလသမဂ္ဂနှင့် အချင်းချင်းအကြား စီးပွားရေးနှင့် လူမှုရေး ကောင်စီ (ECOSOC) ၏ ပေါင်းစပ်ညှိနှိုင်းမှုယန္တရားမှတစ်ဆင့် ပူးပေါင်းဆောင်ရွက်ကြပါသည် ။,0,0,0,0,0,0,NULL,https://my.wikipedia.org/wiki/%E1%80%80%E1%80%AF%E1%80%9C%E1%80%9E%E1%80%99%E1%80%82%E1%80%B9%E1%80%82
mya_36c126c4,အေဂျင်စီတစ်ခုချင်းစီကို ကုလသမဂ္ဂ ပဋိဉာဉ်စာတမ်း အပိုဒ် ၅၇ အရ ကုလသမဂ္ဂနှင့် သဘောတူညီချက်ဖြင့် ကုလသမဂ္ဂစနစ်အတွင်း ပေါင်းစည်းထည့်သွင်းထားပါသည် ။,0,0,0,0,0,0,NULL,https://my.wikipedia.org/wiki/%E1%80%80%E1%80%AF%E1%80%9C%E1%80%9E%E1%80%99%E1%80%82%E1%80%B9%E1%80%82
mya_10778988,လက်ရှိတွင် အထူးပြုအေဂျင်စီ ၁၅ ခုရှိပြီး၊ ၎င်းတို့သည် နိုင်ငံတကာ ခရီးသွားလာရေး လွယ်ကူချောမွေ့စေခြင်း၊ ကပ်ရောဂါများကို ကာကွယ်တားဆီးခြင်းနှင့် ကိုင်တွယ်ဖြေရှင်းခြင်း၊ စီးပွားရေး ဖွံ့ဖြိုးတိုးတက်မှုကို မြှင့်တင်ခြင်းတို့ကဲ့သို့သော ကွဲပြားသည့် လုပ်ငန်းတာဝန်များကို ဆောင်ရွက်ကြပါသည် ။,0,0,0,0,0,0,NULL,https://my.wikipedia.org/wiki/%E1%80%80%E1%80%AF%E1%80%9C%E1%80%9E%E1%80%99%E1%80%82%E1%80%B9%E1%80%82
mya_8846c43d,ကုလသမဂ္ဂစနစ်တွင် ကိုယ်ပိုင်အုပ်ချုပ်ခွင့်ရပြီး သီးခြားစီမံခန့်ခွဲသည့် ရန်ပုံငွေအဖွဲ့များ၊ အစီအစဉ်များ၊ သုတေသနနှင့် လေ့ကျင့်ရေးဌာနများ နှင့် အခြားသော လက်အောက်ခံအဖွဲ့အစည်းများစွာ ပါဝင်ပါသည် ။,0,0,0,0,0,0,NULL,https://my.wikipedia.org/wiki/%E1%80%80%E1%80%AF%E1%80%9C%E1%80%9E%E1%80%99%E1%80%82%E1%80%B9%E1%80%82
mya_ddfa6861,ဤအဖွဲ့အစည်းတစ်ခုစီတွင် ၎င်းတို့၏ လုပ်ငန်းနယ်ပယ်၊ အုပ်ချုပ်မှုပုံစံနှင့် ဘတ်ဂျက်များ သီးခြားစီရှိကြပါသည် ။,0,0,0,0,0,0,NULL,https://my.wikipedia.org/wiki/%E1%80%80%E1%80%AF%E1%80%9C%E1%80%9E%E1%80%99%E1%80%82%E1%80%B9%E1%80%82
mya_d4db3af8,ကမ္ဘာ့ကုန်သွယ်ရေးအဖွဲ့ (WTO) နှင့် နိုင်ငံတကာ အနုမြူစွမ်းအင် အေဂျင်စီ (IAEA) ကဲ့သို့သော အချို့အဖွဲ့အစည်းများသည် ကုလသမဂ္ဂနှင့် သီးခြားလည်ပတ်သော်လည်း တရားဝင် ပူးပေါင်းဆောင်ရွက်မှု သဘောတူညီချက်များ ရှိကြပါသည် ။,0,0,0,0,0,0,NULL,https://my.wikipedia.org/wiki/%E1%80%80%E1%80%AF%E1%80%9C%E1%80%9E%E1%80%99%E1%80%82%E1%80%B9%E1%80%82
mya_c4c1114d,ကုလသမဂ္ဂသည် ၎င်း၏ လူသားချင်းစာနာထောက်ထားမှုဆိုင်ရာ လုပ်ငန်းများစွာကို ဤအဖွဲ့အစည်းများမှတစ်ဆင့် ဆောင်ရွက်ပါသည် ။,0,0,0,0,0,0,NULL,https://my.wikipedia.org/wiki/%E1%80%80%E1%80%AF%E1%80%9C%E1%80%9E%E1%80%99%E1%80%82%E1%80%B9%E1%80%82
mya_914cf88a,ဥပမာအားဖြင့် ကမ္ဘာ့စားနပ်ရိက္ခာအစီအစဉ် (World Food Programme - WFP) မှတစ်ဆင့် ငတ်မွတ်ခေါင်းပါးမှုနှင့် အာဟာရချို့တဲ့မှုကို ကာကွယ်ခြင်း၊ ကုလသမဂ္ဂဒုက္ခသည်များဆိုင်ရာမဟာမင်းကြီးရုံး (UNHCR) မှတစ်ဆင့် ထိခိုက်လွယ်သူများနှင့် နေရပ်စွန့်ခွာသူများကို ကာကွယ်စောင့်ရှောက်ခြင်း၊ နှင့် ကုလသမဂ္ဂ အိတ်ခ်ျအိုင်ဗွီ/အေအိုင်ဒီအက်စ် ပူးပေါင်းအစီအစဉ် (UNAIDS) မှတစ်ဆင့် အိတ်ခ်ျအိုင်ဗွီ/အေအိုင်ဒီအက်စ် ကပ်ရောဂါကို တိုက်ဖျက်ခြင်းတို့ ဖြစ်ပါသည် ။,0,0,0,0,0,0,NULL,https://my.wikipedia.org/wiki/%E1%80%80%E1%80%AF%E1%80%9C%E1%80%9E%E1%80%99%E1%80%82%E1%80%B9%E1%80%82
mya_ae0dd241,ကမ္ဘာပေါ်ရှိ အငြင်းပွားမှုမရှိသော လွတ်လပ်သည့် နိုင်ငံအားလုံးသည် ကုလသမဂ္ဂ၏ အဖွဲ့ဝင်များ ဖြစ်ကြပါသည် ။,0,0,0,0,0,0,NULL,https://my.wikipedia.org/wiki/%E1%80%80%E1%80%AF%E1%80%9C%E1%80%9E%E1%80%99%E1%80%82%E1%80%B9%E1%80%82
mya_b41b8d7d,လက်ရှိတွင် ကုလသမဂ္ဂ အဖွဲ့ဝင်နိုင်ငံ စုစုပေါင်း ၁၉၃ နိုင်ငံရှိပြီး၊ ၂၀၁၁ ခုနှစ် ဇူလိုင်လ ၁၄ ရက်နေ့တွင် ပူးပေါင်းပါဝင်ခဲ့သော တောင်ဆူဒန်နိုင်ငံသည် နောက်ဆုံးတွင် အဖွဲ့ဝင်ဖြစ်လာခဲ့သည့် နိုင်ငံ ဖြစ်ပါသည် ။,0,0,0,0,0,0,NULL,https://my.wikipedia.org/wiki/%E1%80%80%E1%80%AF%E1%80%9C%E1%80%9E%E1%80%99%E1%80%82%E1%80%B9%E1%80%82
mya_39a412a9,"ကုလသမဂ္ဂ ပဋိဉာဉ်စာတမ်းတွင် အဖွဲ့ဝင်ဖြစ်ရေး စည်းမျဉ်းများကို အောက်ပါအတိုင်း ဖော်ပြထားသည်-""ကုလသမဂ္ဂ အဖွဲ့ဝင်ဖြစ်ရေးသည် လက်ရှိ ပဋိဉာဉ်စာတမ်းတွင် ပါရှိသော တာဝန်များကို လက်ခံသည့် ငြိမ်းချမ်းရေးကို မြတ်နိုးသော အခြားနိုင်ငံအားလုံးအတွက် ဖွင့်လှစ်ထားပြီး၊ အဖွဲ့အစည်း၏ ဆုံးဖြတ်ချက်အရ ထိုတာဝန်များကို ထမ်းဆောင်နိုင်စွမ်းရှိပြီး ထမ်းဆောင်လိုစိတ်ရှိရမည် ။",0,0,0,0,0,0,NULL,https://my.wikipedia.org/wiki/%E1%80%80%E1%80%AF%E1%80%9C%E1%80%9E%E1%80%99%E1%80%82%E1%80%B9%E1%80%82
mya_b1abbde8,ထိုသို့သော နိုင်ငံတစ်ရပ်ရပ်ကို ကုလသမဂ္ဂ အဖွဲ့ဝင်အဖြစ် လက်ခံခြင်းသည် လုံခြုံရေးကောင်စီ၏ ထောက်ခံချက်အပေါ် အခြေခံ၍ အထွေထွေညီလာခံ၏ ဆုံးဖြတ်ချက်ဖြင့် အတည်ပြုရမည် ။,0,0,0,0,0,0,NULL,https://my.wikipedia.org/wiki/%E1%80%80%E1%80%AF%E1%80%9C%E1%80%9E%E1%80%99%E1%80%82%E1%80%B9%E1%80%82
mya_8cd87658,""" (အခန်း ၂၊ အပိုဒ် ၄)ထို့အပြင်၊ အဖွဲ့ဝင်မဟုတ်သော လေ့လာသူနိုင်ငံနှစ်ခု ရှိပြီး ၎င်းတို့မှာ Holy See (ဗာတီကန်) နှင့် ပါလက်စတိုင်းတို့ ဖြစ်ကြပါသည် ။",0,0,0,0,0,0,NULL,https://my.wikipedia.org/wiki/%E1%80%80%E1%80%AF%E1%80%9C%E1%80%9E%E1%80%99%E1%80%82%E1%80%B9%E1%80%82
mya_867997e7,"နယူးဇီလန်နိုင်ငံနှင့် လွတ်လပ်စွာ ပူးပေါင်းဆောင်ရွက်နေသော နိုင်ငံများဖြစ်သည့် ကွတ်ကျွန်းစု (Cook Islands) နှင့် နျူးအေး (Niue) တို့သည် ကုလသမဂ္ဂ၏ အထူးပြုအေဂျင်စီအချို့တွင် အပြည့်အဝ အဖွဲ့ဝင်များဖြစ်ကြပြီး၊ ၎င်းတို့၏ ""စာချုပ်ချုပ်ဆိုနိုင်စွမ်း အပြည့်အဝရှိခြင်း"" ကို အတွင်းရေးမှူးချုပ်ရုံးမှ အသိအမှတ်ပြုထားပါသည် ။",0,0,0,0,0,0,NULL,https://my.wikipedia.org/wiki/%E1%80%80%E1%80%AF%E1%80%9C%E1%80%9E%E1%80%99%E1%80%82%E1%80%B9%E1%80%82
mya_3f577fb0,ဆူကာနို ဦးဆောင်သော အင်ဒိုနီးရှားနိုင်ငံသည် ၁၉၆၅ ခုနှစ်တွင် မလေးရှားနိုင်ငံအား လုံခြုံရေးကောင်စီ၏ အမြဲတမ်းမဟုတ်သော အဖွဲ့ဝင်အဖြစ် ရွေးချယ်ခြင်းကို ကန့်ကွက်သည့်အနေဖြင့် (နိုင်ငံနှစ်ခုအကြား ပဋိပက္ခဖြစ်ပွားနေချိန်) ကုလသမဂ္ဂမှ နုတ်ထွက်ရန် ကြိုးပမ်းခဲ့သည့် ပထမဆုံးနှင့် တစ်ခုတည်းသော နိုင်ငံ ဖြစ်ခဲ့ပါသည် ။,0,0,0,0,0,0,NULL,https://my.wikipedia.org/wiki/%E1%80%80%E1%80%AF%E1%80%9C%E1%80%9E%E1%80%99%E1%80%82%E1%80%B9%E1%80%82
mya_6d2c755b,ကုလသမဂ္ဂ၏ ပြိုင်ဘက်အဖြစ် ခေတ္တတည်ထောင်ခဲ့သော CONEFO အဖွဲ့အစည်းကို ဖွဲ့စည်းပြီးနောက် အင်ဒိုနီးရှားသည် ၁၉၆၆ ခုနှစ်တွင် ကုလသမဂ္ဂ အဖွဲ့ဝင်အဖြစ် ပြန်လည်ဝင်ရောက်ခဲ့ပါသည် ။,0,0,0,0,0,0,NULL,https://my.wikipedia.org/wiki/%E1%80%80%E1%80%AF%E1%80%9C%E1%80%9E%E1%80%99%E1%80%82%E1%80%B9%E1%80%82
mya_1fa9afff,ကုလသမဂ္ဂသည် အဖွဲ့ဝင်နိုင်ငံများမှ အချိုးကျ ထည့်ဝင်သော ဘဏ္ဍာငွေများဖြင့် ရပ်တည်သည် ။,0,0,0,0,0,0,NULL,https://my.wikipedia.org/wiki/%E1%80%80%E1%80%AF%E1%80%9C%E1%80%9E%E1%80%99%E1%80%82%E1%80%B9%E1%80%82
mya_6d11428f,လက်ရှိ အသုံးပြုလျက်ရှိသည့် ရန်ပုံငွေမှာ ခန့်မှန်း အမေရိကန်ဒေါ်လာ (၄.၁၉) ဘီလီယံ ခန့် ရှိသည် ။,0,0,0,0,0,0,NULL,https://my.wikipedia.org/wiki/%E1%80%80%E1%80%AF%E1%80%9C%E1%80%9E%E1%80%99%E1%80%82%E1%80%B9%E1%80%82
mya_07e71679,အဓိက အသုံးစရိတ်များသည် ကုလသမဂ္ဂ၏ အဓိက လုပ်ငန်းဖြစ်သော လုံခြုံရေးနှင့် ငြိမ်းချမ်းရေး ထိန်းသိမ်းမှု လုပ်ငန်းများတွင် အသုံးပြုသည် ။,0,0,0,0,0,0,NULL,https://my.wikipedia.org/wiki/%E1%80%80%E1%80%AF%E1%80%9C%E1%80%9E%E1%80%99%E1%80%82%E1%80%B9%E1%80%82
mya_8bb21e86,၂၀၀၅ - ၀၆ ဘဏ္ဍာနှစ်၏ ငြိမ်းချမ်းရေး ထိန်းသိမ်းမှု လုပ်ငန်းများအတွက် အသုံးစရိတ်မှာ အမေရိကန်ဒေါ်လာ (၅) ဘီလီယံခန့် ရှိသည် ။,0,0,0,0,0,0,NULL,https://my.wikipedia.org/wiki/%E1%80%80%E1%80%AF%E1%80%9C%E1%80%9E%E1%80%99%E1%80%82%E1%80%B9%E1%80%82
mya_d6e9a12b,ကုလသမဂ္ဂ အထွေထွေအတွင်းရေးမှူးချုပ်သည် ကုလသမဂ္ဂ အထွေထွေညီလာခံကို ဦးဆောင် ကျင်းပသူဖြစ်ပြီး ကုလသမဂ္ဂ၏ ပြောရေးဆိုခွင့် ရှိသူနှင့် ခေါင်းဆောင်လည်း ဖြစ်သည် ။,0,0,0,0,0,0,NULL,https://my.wikipedia.org/wiki/%E1%80%80%E1%80%AF%E1%80%9C%E1%80%9E%E1%80%99%E1%80%82%E1%80%B9%E1%80%82
mya_c6b3da0d,အထွေထွေ အတွင်းရေးမှူးချုပ်ကို မဲစနစ်ဖြင့် ရွေးချယ်ခြင်းဖြစ်ပြီး လုံခြုံရေးကောင်စီ၏ ထောက်ခံမှုဖြင့် အထွေထွေညီလာခံက အတည်ပြုခြင်း ဖြစ်သည် ။,0,0,0,0,0,0,NULL,https://my.wikipedia.org/wiki/%E1%80%80%E1%80%AF%E1%80%9C%E1%80%9E%E1%80%99%E1%80%82%E1%80%B9%E1%80%82
mya_98f5618e,မဲပေးရာတွင် လုံခြုံရေးကောင်စီ အဖွဲ့ဝင် နိုင်ငံတိုင်းက မဲပေးခွင့် ရှိသည် ။,0,0,0,0,0,0,NULL,https://my.wikipedia.org/wiki/%E1%80%80%E1%80%AF%E1%80%9C%E1%80%9E%E1%80%99%E1%80%82%E1%80%B9%E1%80%82
mya_fdef481e,ကုလသမဂ္ဂ အထွေထွေအတွင်းရေးမှူးချုပ် (အင်္ဂလိပ်: Secretary-General of the United Nations; အတိုကောက် UNSG သို့မဟုတ် SG) သည် ကုလသမဂ္ဂ၏ ပင်မဌာနငါးခုတွင် အပါအဝင်ဖြစ်သော ကုလသမဂ္ဂ အထွေထွေအတွင်းရေးမှူးချုပ်ရုံး၏ အကြီးအကဲဖြစ်သည် ။,0,0,0,0,0,0,NULL,https://my.wikipedia.org/wiki/%E1%80%80%E1%80%AF%E1%80%9C%E1%80%9E%E1%80%99%E1%80%82%E1%80%B9%E1%80%82%20%E1%80%A1%E1%80%91%E1%80%BD%E1%80%B1%E1%80%91%E1%80%BD%E1%80%B1%E1%80%A1%E1%80%90%E1%80%BD%E1%80%84%E1%80%BA%E1%80%B8%E1%80%9B%E1%80%B1%E1%80%B8%E1%80%99%E1%80%BE%E1%80%B0%E1%80%B8%E1%80%81%E1%80%BB%E1%80%AF%E1%80%95%E1%80%BA
mya_b3d09523,အထွေထွေအတွင်းရေးမှူးချုပ်သည် ကုလသမဂ္ဂ၏ အုပ်ချုပ်ရေးအရာရှိအဖြစ် တာဝန်ယူသည် ။,0,0,0,0,0,0,NULL,https://my.wikipedia.org/wiki/%E1%80%80%E1%80%AF%E1%80%9C%E1%80%9E%E1%80%99%E1%80%82%E1%80%B9%E1%80%82%20%E1%80%A1%E1%80%91%E1%80%BD%E1%80%B1%E1%80%91%E1%80%BD%E1%80%B1%E1%80%A1%E1%80%90%E1%80%BD%E1%80%84%E1%80%BA%E1%80%B8%E1%80%9B%E1%80%B1%E1%80%B8%E1%80%99%E1%80%BE%E1%80%B0%E1%80%B8%E1%80%81%E1%80%BB%E1%80%AF%E1%80%95%E1%80%BA
mya_81baf387,ကုလသမဂ္ဂ အထွေထွေအတွင်းရေးမှူးချုပ်ရုံးနှင့် အထွေထွေအတွင်းရေးမှူးချုပ်၏ တာဝန်နှင့် လုပ်ပိုင်ခွင့်များကို ကုလသမဂ္ဂ ဖွဲ့စည်းပုံဥပဒေ၏ အခန်း ၁၅ တွင် ဖော်ပြထားသည် ။,0,0,0,0,0,0,NULL,https://my.wikipedia.org/wiki/%E1%80%80%E1%80%AF%E1%80%9C%E1%80%9E%E1%80%99%E1%80%82%E1%80%B9%E1%80%82%20%E1%80%A1%E1%80%91%E1%80%BD%E1%80%B1%E1%80%91%E1%80%BD%E1%80%B1%E1%80%A1%E1%80%90%E1%80%BD%E1%80%84%E1%80%BA%E1%80%B8%E1%80%9B%E1%80%B1%E1%80%B8%E1%80%99%E1%80%BE%E1%80%B0%E1%80%B8%E1%80%81%E1%80%BB%E1%80%AF%E1%80%95%E1%80%BA
mya_69682123,၂၀၁၇ ခုနှစ်တွင် တာဝန်ထမ်းဆောင်လျက်ရှိသော အထွေထွေအတွင်းရေးမှူးချုပ်မှာ အန်တိုနီရို ဂူတာရက်စ် ဖြစ်ပြီး ၂၀၁၆ ခုနှစ် အောက်တိုဘာ ၁၃ ရက်နေ့တွင် ကုလသမဂ္ဂ အထွေထွေညီလာခံမှတဆင့် ခန့်အပ်ခဲ့သည် ။,0,0,0,0,0,0,NULL,https://my.wikipedia.org/wiki/%E1%80%80%E1%80%AF%E1%80%9C%E1%80%9E%E1%80%99%E1%80%82%E1%80%B9%E1%80%82%20%E1%80%A1%E1%80%91%E1%80%BD%E1%80%B1%E1%80%91%E1%80%BD%E1%80%B1%E1%80%A1%E1%80%90%E1%80%BD%E1%80%84%E1%80%BA%E1%80%B8%E1%80%9B%E1%80%B1%E1%80%B8%E1%80%99%E1%80%BE%E1%80%B0%E1%80%B8%E1%80%81%E1%80%BB%E1%80%AF%E1%80%95%E1%80%BA
mya_08a46a30,ကုလသမဂ္ဂ အထွေထွေအတွင်းရေးမှူးချုပ်၏ နေထိုင်ရာသည် အမှတ် ၃၊ ယောက်ရိပ်သာ / ဆက်တွန်ရပ်၊ မဟက်တန်၊ နယူးယောက်မြို့၊ နယူးယောက်ပြည်နယ်၊ အမေရိကန် ပြည်ထောင်စု ဖြစ်သည် ။,0,0,0,0,0,0,NULL,https://my.wikipedia.org/wiki/%E1%80%80%E1%80%AF%E1%80%9C%E1%80%9E%E1%80%99%E1%80%82%E1%80%B9%E1%80%82%20%E1%80%A1%E1%80%91%E1%80%BD%E1%80%B1%E1%80%91%E1%80%BD%E1%80%B1%E1%80%A1%E1%80%90%E1%80%BD%E1%80%84%E1%80%BA%E1%80%B8%E1%80%9B%E1%80%B1%E1%80%B8%E1%80%99%E1%80%BE%E1%80%B0%E1%80%B8%E1%80%81%E1%80%BB%E1%80%AF%E1%80%95%E1%80%BA
mya_563d716e,နေအိမ်သည် ၁၉၂၁ ခုနှစ်တွင် အန်း မော်ဂန် အတွက် ဆောက်လုပ်ခဲ့ခြင်း ဖြစ်ပြီး ကုလသမဂ္ဂသို့ ၁၉၇၂ ခုနှစ်တွင် လှူဒါန်းခဲ့သည် ။,0,0,0,0,0,0,NULL,https://my.wikipedia.org/wiki/%E1%80%80%E1%80%AF%E1%80%9C%E1%80%9E%E1%80%99%E1%80%82%E1%80%B9%E1%80%82%20%E1%80%A1%E1%80%91%E1%80%BD%E1%80%B1%E1%80%91%E1%80%BD%E1%80%B1%E1%80%A1%E1%80%90%E1%80%BD%E1%80%84%E1%80%BA%E1%80%B8%E1%80%9B%E1%80%B1%E1%80%B8%E1%80%99%E1%80%BE%E1%80%B0%E1%80%B8%E1%80%81%E1%80%BB%E1%80%AF%E1%80%95%E1%80%BA
mya_f79b5c0b,ဩဂုတ် ၂၀၂၆ အထိ သက်ရှိထင်ရှားရှိနေသော အထွေထွေ အတွင်းရေးမှူးချုပ်ဟောင်းမှာ ဘန်ကီမွန်း ဖြစ်သည် ။,0,0,0,0,0,0,NULL,https://my.wikipedia.org/wiki/%E1%80%80%E1%80%AF%E1%80%9C%E1%80%9E%E1%80%99%E1%80%82%E1%80%B9%E1%80%82%20%E1%80%A1%E1%80%91%E1%80%BD%E1%80%B1%E1%80%91%E1%80%BD%E1%80%B1%E1%80%A1%E1%80%90%E1%80%BD%E1%80%84%E1%80%BA%E1%80%B8%E1%80%9B%E1%80%B1%E1%80%B8%E1%80%99%E1%80%BE%E1%80%B0%E1%80%B8%E1%80%81%E1%80%BB%E1%80%AF%E1%80%95%E1%80%BA
mya_4c0a5e81,​နောက်ဆုံး ကွယ်လွန်ခဲ့သော အထွေထွေ အတွင်းရေးမှူးချုပ်ဟောင်းမှာ ၂၀၂၀ပြည့်နှစ် မတ်လ ၄ ရက်နေ့တွင် ကွယ်လွန်ခဲ့သော ဟာဗီးယား ပဲရက်စ် ဒီ ကွေးလျား (၁၉၈၂ -၁၉၉၁) ဖြစ်သည် ။,0,0,0,0,0,0,NULL,https://my.wikipedia.org/wiki/%E1%80%80%E1%80%AF%E1%80%9C%E1%80%9E%E1%80%99%E1%80%82%E1%80%B9%E1%80%82%20%E1%80%A1%E1%80%91%E1%80%BD%E1%80%B1%E1%80%91%E1%80%BD%E1%80%B1%E1%80%A1%E1%80%90%E1%80%BD%E1%80%84%E1%80%BA%E1%80%B8%E1%80%9B%E1%80%B1%E1%80%B8%E1%80%99%E1%80%BE%E1%80%B0%E1%80%B8%E1%80%81%E1%80%BB%E1%80%AF%E1%80%95%E1%80%BA
mya_eda031d0,ကိုဖီအန်နန်မှာ ၂၀၁၈ခုနှစ် ဩဂုတ်လ၁၈ရက်တွင်ကွယ်လွန်ခဲ့သည် ။,0,0,0,0,0,0,NULL,https://my.wikipedia.org/wiki/%E1%80%80%E1%80%AF%E1%80%9C%E1%80%9E%E1%80%99%E1%80%82%E1%80%B9%E1%80%82%20%E1%80%A1%E1%80%91%E1%80%BD%E1%80%B1%E1%80%91%E1%80%BD%E1%80%B1%E1%80%A1%E1%80%90%E1%80%BD%E1%80%84%E1%80%BA%E1%80%B8%E1%80%9B%E1%80%B1%E1%80%B8%E1%80%99%E1%80%BE%E1%80%B0%E1%80%B8%E1%80%81%E1%80%BB%E1%80%AF%E1%80%95%E1%80%BA
mya_e365eba8,မြန်မာ့သမိုင်းသည် လွန်ခဲ့သော နှစ်ပေါင်း ၁၃၀၀၀ ပထမဆုံးလူသားအခြေချနေထိုင်ခဲ့သောကာလမှ ယနေ့ခေတ်အထိ အကျုံးဝင်သည် ။,0,0,0,0,0,0,NULL,https://my.wikipedia.org/wiki/%E1%80%99%E1%80%BC%E1%80%94%E1%80%BA%E1%80%99%E1%80%AC%E1%80%B7%E1%80%9E%E1%80%99%E1%80%AD%E1%80%AF%E1%80%84%E1%80%BA%E1%80%B8
mya_7af3a8a6,သမိုင်းတင်ခေတ်၏ အစောဆုံးလူသားများသည် တိဗက်-ဗမာစကားပြောလူမျိုးများဖြစ်ကြသည် ။,0,0,0,0,0,0,NULL,https://my.wikipedia.org/wiki/%E1%80%99%E1%80%BC%E1%80%94%E1%80%BA%E1%80%99%E1%80%AC%E1%80%B7%E1%80%9E%E1%80%99%E1%80%AD%E1%80%AF%E1%80%84%E1%80%BA%E1%80%B8
mya_7c20da86,သူတို့သည် ပြည်ဒေသအထိ ကျယ်ဝန်းသော ပျူမြို့ပြနိုင်ငံများကို တည်ထောင်ခဲ့ကြပြီး ထေရဝါဒဗုဒ္ဓဘာသာကို ကိုးကွယ်ခဲ့ကြသည် ။,0,0,0,0,0,0,NULL,https://my.wikipedia.org/wiki/%E1%80%99%E1%80%BC%E1%80%94%E1%80%BA%E1%80%99%E1%80%AC%E1%80%B7%E1%80%9E%E1%80%99%E1%80%AD%E1%80%AF%E1%80%84%E1%80%BA%E1%80%B8
mya_d19832aa,လက်ငင်းလေ့လာနိုင်သည့် သမိုင်းမှတ်တမ်းများအရ ၉ရာစုအစောပိုင်းတွင် ဗမာလူမျိုးစုအဖြစ်ထင်ရှားလာကာ ဧရာဝတီမြစ်ဝှမ်းနှင့် ၎င်း၏ အစွန်အဖျားဒေသများကို ပထမဆုံးအကြိမ်အဖြစ် စုစည်း၍ ပုဂံဘုရင့်နိုင်ငံကို ဆက်လက်တည်ထောင်ခဲ့ကြသည် ။,0,0,0,0,0,0,NULL,https://my.wikipedia.org/wiki/%E1%80%99%E1%80%BC%E1%80%94%E1%80%BA%E1%80%99%E1%80%AC%E1%80%B7%E1%80%9E%E1%80%99%E1%80%AD%E1%80%AF%E1%80%84%E1%80%BA%E1%80%B8
mya_0afc475c,ဤကာလအတွင်း ဗမာဘာသာ၊ ဗမာ့ယဉ်ကျေးမှုသည် ယနေ့ပျူဟုခေါ်သော အစောပိုင်း ဓလေ့များကို တဖြည်းဖြည်း အစားထိုးဝင်ရောက်လာခဲ့သည် ။,0,0,0,0,0,0,NULL,https://my.wikipedia.org/wiki/%E1%80%99%E1%80%BC%E1%80%94%E1%80%BA%E1%80%99%E1%80%AC%E1%80%B7%E1%80%9E%E1%80%99%E1%80%AD%E1%80%AF%E1%80%84%E1%80%BA%E1%80%B8
mya_d6955e34,၁၂၈၇ ခု မွန်ဂိုကျူးကျော်စစ်ဖြစ်ပြီးနောက် ဘုရင့်နိုင်ငံငယ်အများအဖြစ် ပြိုကွဲသွားခဲ့ရာ ထိုအထဲတွင် အင်းဝဘုရင့်နိုင်ငံ၊ ဟံသာဝတီဘုရင့်နိုင်ငံ၊ မြောက်ဦးဘုရင့်နိုင်ငံနှင့် ရှမ်းပြည်ထောင်များသည် အဓိကအင်အားစုနိုင်ငံများဖြစ်ခဲ့ကြသည် ။,0,0,0,0,0,0,NULL,https://my.wikipedia.org/wiki/%E1%80%99%E1%80%BC%E1%80%94%E1%80%BA%E1%80%99%E1%80%AC%E1%80%B7%E1%80%9E%E1%80%99%E1%80%AD%E1%80%AF%E1%80%84%E1%80%BA%E1%80%B8
mya_e23ca222,ထိုဘုရင့်နိုင်ငံများသည် တစ်နိုင်ငံနှင့် တစ်နိုင်ငံ မဟာမိတ်အကူးအပြောင်း၊ စစ်မက်အရေးအခင်းများဖြင့် နိုင်ငံ့ရှုခင်းကို လွှမ်းမိုးခြယ်လှယ်ခဲ့ကြသည် ။,0,0,0,0,0,0,NULL,https://my.wikipedia.org/wiki/%E1%80%99%E1%80%BC%E1%80%94%E1%80%BA%E1%80%99%E1%80%AC%E1%80%B7%E1%80%9E%E1%80%99%E1%80%AD%E1%80%AF%E1%80%84%E1%80%BA%E1%80%B8
mya_c585cef9,၁၆ရာစုအလယ်တွင် တောင်ငူမင်းဆက်(၁၅၁၀-၁၇၅၂)သည် နိုင်ငံကိုပြန်လည်စုစည်း၍ အရှေ့တောင်အာရှသမိုင်းတွင် အကြီးဆုံးအင်ပါယာကြီးကို တည်ထောင်ခဲ့သည် ။,0,0,0,0,0,0,NULL,https://my.wikipedia.org/wiki/%E1%80%99%E1%80%BC%E1%80%94%E1%80%BA%E1%80%99%E1%80%AC%E1%80%B7%E1%80%9E%E1%80%99%E1%80%AD%E1%80%AF%E1%80%84%E1%80%BA%E1%80%B8
mya_577f2bef,နောက်ပိုင်းတောင်ငူမင်းများသည် အဓိကအုပ်ချုပ်ရေး၊ စီးပွားရေးပြုပြင်ပြောင်းလဲမှုများကို ပြဋ္ဌာန်း၍ ၁၇ရာစုနှင့် ၁၈ရာစုဦးတွင် ပိုသေးငယ်၊ ပိုငြိမ်းချမ်း၍ ချမ်းသာကြွယ်ဝသော ဘုရင့်နိုင်ငံကို ပေါ်ပေါက်စေခဲ့သည် ။,0,0,0,0,0,0,NULL,https://my.wikipedia.org/wiki/%E1%80%99%E1%80%BC%E1%80%94%E1%80%BA%E1%80%99%E1%80%AC%E1%80%B7%E1%80%9E%E1%80%99%E1%80%AD%E1%80%AF%E1%80%84%E1%80%BA%E1%80%B8
mya_3769a6dc,၁၈ရာစုအလယ်တွင် ကုန်းဘောင်မင်းဆက်(၁၇၅၂-၁၈၈၅)သည် နိုင်ငံကို ပြန်လည်ထိန်းသိမ်းခဲ့ပြီး အစွန်အဖျားဒေသများတွင် ဗဟိုအုပ်စိုးမှုတိုးမြှင့်ထားသည့် တောင်ငူခေတ်ပြုပြင်ပြောင်းလဲမှုအတိုင်း ဆက်လက်ကျင့်သုံးခဲ့သည် ။,0,0,0,0,0,0,NULL,https://my.wikipedia.org/wiki/%E1%80%99%E1%80%BC%E1%80%94%E1%80%BA%E1%80%99%E1%80%AC%E1%80%B7%E1%80%9E%E1%80%99%E1%80%AD%E1%80%AF%E1%80%84%E1%80%BA%E1%80%B8
mya_e6cdd90b,ကုန်းဘောင်မင်းဆက်သည် အာရှတိုက်တွင် စာတတ်မြောက်သူဦးရေအများဆုံးနိုင်ငံများအနက်မှ တစ်နိုင်ငံဖြစ်စေခဲ့သည် ။,0,0,0,0,0,0,NULL,https://my.wikipedia.org/wiki/%E1%80%99%E1%80%BC%E1%80%94%E1%80%BA%E1%80%99%E1%80%AC%E1%80%B7%E1%80%9E%E1%80%99%E1%80%AD%E1%80%AF%E1%80%84%E1%80%BA%E1%80%B8
mya_7490c954,၎င်းသည် အိမ်နီးချင်းနိုင်ငံအားလုံးနှင့်လည်း စစ်မက်ဆက်လက်ဖြစ်ပွားခဲ့သည် ။,0,0,0,0,0,0,NULL,https://my.wikipedia.org/wiki/%E1%80%99%E1%80%BC%E1%80%94%E1%80%BA%E1%80%99%E1%80%AC%E1%80%B7%E1%80%9E%E1%80%99%E1%80%AD%E1%80%AF%E1%80%84%E1%80%BA%E1%80%B8
mya_80b7122b,အင်္ဂလိပ်-ဗမာစစ်ပွဲစဉ်(၁၈၂၄-၁၈၈၅)ထိ အင်္ဂလိပ်-မြန်မာ စစ်ပွဲသုံးကြိမ်ဖြစ်ပွားခဲ့ပြီး မြန်မာနိုင်ငံသည် ဗြိတိသျှကိုလိုနီအုပ်ချုပ်မှုလက်အောက်သို့ ကျရောက်ခဲ့သည် ။,0,0,0,0,0,0,NULL,https://my.wikipedia.org/wiki/%E1%80%99%E1%80%BC%E1%80%94%E1%80%BA%E1%80%99%E1%80%AC%E1%80%B7%E1%80%9E%E1%80%99%E1%80%AD%E1%80%AF%E1%80%84%E1%80%BA%E1%80%B8
mya_12d13e2e,ဗြိတိသျှအုပ်ချုပ်မှုသည် လူမှုရေး၊စီးပွားရေး၊ယဉ်ကျေးမှု၊အုပ်ချုပ်ရေးပြောင်းလဲမှုများကို ယူဆောင်လာခဲ့သည် ။,0,0,0,0,0,0,NULL,https://my.wikipedia.org/wiki/%E1%80%99%E1%80%BC%E1%80%94%E1%80%BA%E1%80%99%E1%80%AC%E1%80%B7%E1%80%9E%E1%80%99%E1%80%AD%E1%80%AF%E1%80%84%E1%80%BA%E1%80%B8
mya_3c5d887f,၁၉၄၈ လွတ်လပ်ရေးရပြီးချိန်မှစ၍ ယနေ့အချိန်ထိ နိုင်ငံသည် နိုင်ငံရေးနှင့်တိုင်းရင်းသားလူနည်းစုများကို ကိုယ်စားပြုသော လက်နက်ကိုင်အဖွဲ့များနှင့် ခေတ်အဆက်ဆက်ဗဟိုအစိုးရများအကြား ဖြစ်ပွားခဲ့သော ပဋိပက္ခများကို ဖြေရှင်းနိုင်ခြင်းမရှိသေးပေ ။,0,0,0,0,0,0,NULL,https://my.wikipedia.org/wiki/%E1%80%99%E1%80%BC%E1%80%94%E1%80%BA%E1%80%99%E1%80%AC%E1%80%B7%E1%80%9E%E1%80%99%E1%80%AD%E1%80%AF%E1%80%84%E1%80%BA%E1%80%B8
mya_0e3862ae,နိုင်ငံသည် ၁၉၆၂ မှ ၂၀၁၀ အထိနှင့် တစ်ဖန် ၂၀၂၁ မှ ယနေ့အထိ စစ်တပ်၏ အသွင်ပြောင်းအုပ်ချုပ်မှုအမျိုးမျိုးအောက်ရောက်ခဲ့ပြီး တိုင်းပြည်ပထဝီအနေအထားအရ ပြည်ပစွက်ဖက်မှုများ ခံရကာ ဤသို့ သံသရာလည်ဖြစ်စဉ်ကြောင့် နဂိုကိုယ်ခံအားမကောင်းနိုင်သေးသည့်နိုင်ငံသည် ကမ္ဘာပေါ်တွင် ဖွံ့ဖြိုးမှုအနိမ့်ဆုံးနိုင်ငံများအနက်မှ တစ်နိုင်ငံဖြစ်နေဆဲပင်ဖြစ်သည် ။,0,0,0,0,0,0,NULL,https://my.wikipedia.org/wiki/%E1%80%99%E1%80%BC%E1%80%94%E1%80%BA%E1%80%99%E1%80%AC%E1%80%B7%E1%80%9E%E1%80%99%E1%80%AD%E1%80%AF%E1%80%84%E1%80%BA%E1%80%B8
mya_0f4fcb61,အစောဆုံးသုတေသနအထောက်အထားများက အတည်ပြုထားသည်မှာ မြန်မာ့ဒေသတွင် ဘီစီ ၁၁၀၀၀ လောက်ကတည်းက ယဉ်ကျေးမှုများတည်ရှိခဲ့သည် ။,0,0,0,0,0,0,NULL,https://my.wikipedia.org/wiki/%E1%80%99%E1%80%BC%E1%80%94%E1%80%BA%E1%80%99%E1%80%AC%E1%80%B7%E1%80%9E%E1%80%99%E1%80%AD%E1%80%AF%E1%80%84%E1%80%BA%E1%80%B8
mya_45541717,အစောပိုင်းအခြေချနေထိုင်မှုအမှတ်အသားအများစုကို အလယ်ပိုင်းခြောက်သွေ့ဇုန်တွင် တွေ့ရှိခဲ့ပြီး ကွက်တိကွက်ကြားအခြေချမှုများသည် ဧရာဝတီမြစ်ကမ်းစပ် အနီးအပါးဒေသများတွင် ပေါ်ပေါက်လာခဲ့သည် ။,0,0,0,0,0,0,NULL,https://my.wikipedia.org/wiki/%E1%80%99%E1%80%BC%E1%80%94%E1%80%BA%E1%80%99%E1%80%AC%E1%80%B7%E1%80%9E%E1%80%99%E1%80%AD%E1%80%AF%E1%80%84%E1%80%BA%E1%80%B8
mya_2a09dba8,ဥရောပတိုက် ကျောက်ခေတ်ဦးနှင့် ကျောက်ခေတ်လယ်တို့နှင့် အပြိုင်ဟုယူဆရသော အချိန်၌ မြန်မာ့ကျောက်ခေတ် အညာသားယဉ်ကျေးမှုသည် တည်ရှိခဲ့သည် ။,0,0,0,0,0,0,NULL,https://my.wikipedia.org/wiki/%E1%80%99%E1%80%BC%E1%80%94%E1%80%BA%E1%80%99%E1%80%AC%E1%80%B7%E1%80%9E%E1%80%99%E1%80%AD%E1%80%AF%E1%80%84%E1%80%BA%E1%80%B8
mya_0e86395d,အပင်နှင့် တိရစ္ဆာန်များကို ပထမဆုံးစိုက်ပျိုးမွေးမြူ၍ ကျောက်ချောလက်နက်ကိရိယာများကို သုံးစွဲလာကြသော ကျောက်ခေတ်သစ်ကို မြန်မာဒေသတွင် ရှမ်းကုန်းပြင်မြင့်အစွန်အဖျား တောင်ကြီးမြို့အနီးရှိ ဘီစီ ၁၀၀၀၀ မှ ၆၀၀၀ အတွင်း သက်တမ်းရှိသော ဂူသုံးဂူက အထောက်အထားပြသည် ။,0,0,0,0,0,0,NULL,https://my.wikipedia.org/wiki/%E1%80%99%E1%80%BC%E1%80%94%E1%80%BA%E1%80%99%E1%80%AC%E1%80%B7%E1%80%9E%E1%80%99%E1%80%AD%E1%80%AF%E1%80%84%E1%80%BA%E1%80%B8
mya_c8d7a172,ဘီစီ ၁၅၀၀ ခန့်တွင် ဒေသတွင်းရှိလူများသည် ကြေးနီ(copper) ကို ကြေးညို(bronze) အဖြစ်သို့ ပြောင်းလဲသုံးစွဲလာကြသည် ။,0,0,0,0,0,0,NULL,https://my.wikipedia.org/wiki/%E1%80%99%E1%80%BC%E1%80%94%E1%80%BA%E1%80%99%E1%80%AC%E1%80%B7%E1%80%9E%E1%80%99%E1%80%AD%E1%80%AF%E1%80%84%E1%80%BA%E1%80%B8
mya_2a27b9fe,စပါးစိုက်ပျိုး၍ ကြက်၊ဝက်တို့ကို မွေးမြူလာကြသည် ။,0,0,0,0,0,0,NULL,https://my.wikipedia.org/wiki/%E1%80%99%E1%80%BC%E1%80%94%E1%80%BA%E1%80%99%E1%80%AC%E1%80%B7%E1%80%9E%E1%80%99%E1%80%AD%E1%80%AF%E1%80%84%E1%80%BA%E1%80%B8
mya_8fcb3431,သူတို့သည် ကမ္ဘာပေါ်တွင် ဤသို့ ပထမဆုံးပြုလုပ်သော လူများအနက်မှ ဖြစ်သည် ။,0,0,0,0,0,0,NULL,https://my.wikipedia.org/wiki/%E1%80%99%E1%80%BC%E1%80%94%E1%80%BA%E1%80%99%E1%80%AC%E1%80%B7%E1%80%9E%E1%80%99%E1%80%AD%E1%80%AF%E1%80%84%E1%80%BA%E1%80%B8
mya_90811b76,ဘီစီ ၅၀၀ ခန့်တွင် ယနေ့မန္တလေးတောင်ဘက်ဒေသ၌ သံချက်လုပ်သော ရွာများပေါ်ပေါက်လာခဲ့သည် ။,0,0,0,0,0,0,NULL,https://my.wikipedia.org/wiki/%E1%80%99%E1%80%BC%E1%80%94%E1%80%BA%E1%80%99%E1%80%AC%E1%80%B7%E1%80%9E%E1%80%99%E1%80%AD%E1%80%AF%E1%80%84%E1%80%BA%E1%80%B8
mya_4b8edf32,ကြေးညိုအလှဆင်ခေါင်းတလားများနှင့် မြေထည်ပစ္စည်းအပိုင်းအစများဖြင့် ပြည့်နှက်နေသော သင်္ချိုင်းနယ်မြေများကို တူးဖော်တွေ့ရှိခဲ့သည် ။,0,0,0,0,0,0,NULL,https://my.wikipedia.org/wiki/%E1%80%99%E1%80%BC%E1%80%94%E1%80%BA%E1%80%99%E1%80%AC%E1%80%B7%E1%80%9E%E1%80%99%E1%80%AD%E1%80%AF%E1%80%84%E1%80%BA%E1%80%B8
mya_13febc09,မန္တလေးတောင်ဘက် ဆာမွန်တောင်ကြား၌ တွေ့ရသော သုတေသနအထောက်အထားများအရ ဘီစီ ၅၀၀ နှင့် အေဒီ ၂၀၀ ကြားတွင် တရုတ်နှင့် ကုန်သွယ်သော စပါးစိုက်ရွာငယ်များရှိခဲ့သည် ။,0,0,0,0,0,0,NULL,https://my.wikipedia.org/wiki/%E1%80%99%E1%80%BC%E1%80%94%E1%80%BA%E1%80%99%E1%80%AC%E1%80%B7%E1%80%9E%E1%80%99%E1%80%AD%E1%80%AF%E1%80%84%E1%80%BA%E1%80%B8
mya_68823a13,သံခေတ်အတွင်း အိန္ဒိယလွှမ်းမိုးမှုများသော မွေးကင်းစကလေးငယ်မြှုပ်နှံသည့် ဓလေ့တွင် ပြောင်းလဲမှုများပေါ်ပေါက်လာကြောင်း ဆာမွန်တောင်ကြားအပြင်ဘက် သုတေသနအထောက်အထားများက ဆိုသည် ။,0,0,0,0,0,0,NULL,https://my.wikipedia.org/wiki/%E1%80%99%E1%80%BC%E1%80%94%E1%80%BA%E1%80%99%E1%80%AC%E1%80%B7%E1%80%9E%E1%80%99%E1%80%AD%E1%80%AF%E1%80%84%E1%80%BA%E1%80%B8
mya_9017eaf0,ဤပြောင်းလဲမှုများတွင် ကလေးငယ်များကို စဥ့်အိုးကြီးများထဲတွင် ထည့်သွင်းမြှုပ်နှံ၍ ၎င်းတို့၏ အရွယ်အစားသည် မိသားစုအဆင့်အတန်းကို ဖော်ပြခြင်း စသော ပြောင်းလဲမှုများ ပါဝင်သည် ။,0,0,0,0,0,0,NULL,https://my.wikipedia.org/wiki/%E1%80%99%E1%80%BC%E1%80%94%E1%80%BA%E1%80%99%E1%80%AC%E1%80%B7%E1%80%9E%E1%80%99%E1%80%AD%E1%80%AF%E1%80%84%E1%80%BA%E1%80%B8
mya_e80712f1,နောက်ဆုံးတွေ့ရှိဖော်ထုတ်ထားသည့် မြန်မာ့ သမိုင်းမှတ်တမ်းများအရ မြန်မာနိုင်ငံ အတွင်းသို့ ရှေးဦးစွာဝင်ရောက်လာခဲ့သည့် လူမျိုးများမှာ မြောက်ဘက်တွင် တိဘက်-ဗမာအနွယ်ဝင်များဖြစ်ကြသည့် ပျူ၊ သက်၊ ကမ်းယံနှင့် တောင်ဘက်တွင် နီဂရီတိုများနှင့် ယှဉ်ပြိုင်အနိုင်ရသွားသည့် ဩစထြိုအေးရှားတစ်အနွယ် မွန် တို့ဖြစ်သည် ။,0,0,0,0,0,0,NULL,https://my.wikipedia.org/wiki/%E1%80%99%E1%80%BC%E1%80%94%E1%80%BA%E1%80%99%E1%80%AC%E1%80%B7%E1%80%9E%E1%80%99%E1%80%AD%E1%80%AF%E1%80%84%E1%80%BA%E1%80%B8
mya_a6ab13b8,ထို့အပြင် အရှေ့ဘက်ဒေသများတွင်လည်း တိုင်မျိုးနွယ်ဖြစ်သည့် ရှမ်းလူမျိုးလည်း အနည်းငယ် ရှိနေကြပြီးဖြစ်သည် ။,0,0,0,0,0,0,NULL,https://my.wikipedia.org/wiki/%E1%80%99%E1%80%BC%E1%80%94%E1%80%BA%E1%80%99%E1%80%AC%E1%80%B7%E1%80%9E%E1%80%99%E1%80%AD%E1%80%AF%E1%80%84%E1%80%BA%E1%80%B8
mya_0c152764,ထိုလူမျိုးများအနက် ပျူလူမျိုးမှာ ယနေ့မြန်မာနိုင်ငံ အလယ်ပိုင်း ဧရာဝတီမြစ်ဝှမ်းတစ်လျောက်တွင် မြို့ရွာများ တည်ထောင်ကာ နေထိုင်ကြသည် ။,0,0,0,0,0,0,NULL,https://my.wikipedia.org/wiki/%E1%80%99%E1%80%BC%E1%80%94%E1%80%BA%E1%80%99%E1%80%AC%E1%80%B7%E1%80%9E%E1%80%99%E1%80%AD%E1%80%AF%E1%80%84%E1%80%BA%E1%80%B8
mya_0860e8d5,၄ရာစုနှင့် ၅ရာစုများတွင် ပျူတို့ အထွဋ်အထိပ်ရောက်၍ မွန်တို့ကို လွမ်းမိုးကာ ပျူမြို့ပြနိုင်ငံများဖြစ်သည့် ဗိဿနိုး၊ ဟန်လင်းနှင့် သရေခေတ္တရာတို့မှာ အရှေ့တောင်အာရှ၏ ကုန်သွယ်ရေးလမ်းကြောင်းတွင် ထင်ရှားခဲ့သည် ။,0,0,0,0,0,0,NULL,https://my.wikipedia.org/wiki/%E1%80%99%E1%80%BC%E1%80%94%E1%80%BA%E1%80%99%E1%80%AC%E1%80%B7%E1%80%9E%E1%80%99%E1%80%AD%E1%80%AF%E1%80%84%E1%80%BA%E1%80%B8
mya_92a31d3f,ထိုကုန်သွယ်ရေးလမ်းကြောင်းမှာ အရှေ့ဘက်ခမာနိုင်ငံမှ အနောက်ဘက် ရခိုင်ကမ်းရိုးတန်းအထိဖြစ်သည် ။,0,0,0,0,0,0,NULL,https://my.wikipedia.org/wiki/%E1%80%99%E1%80%BC%E1%80%94%E1%80%BA%E1%80%99%E1%80%AC%E1%80%B7%E1%80%9E%E1%80%99%E1%80%AD%E1%80%AF%E1%80%84%E1%80%BA%E1%80%B8
mya_d019257d,၉ရာစုအစောပိုင်းတွင် စည်းလုံးမှုနည်းသည့် ပျူတို့ကို မြောက်ပိုင်းမှ အင်အားကြီး နန်ကျောက်တို့က ဝင်ရောက်တိုက်ခိုက်ဖျက်စီးသဖြင့် ပျူတို့ပျက်ဆီးရသည် ။,0,0,0,0,0,0,NULL,https://my.wikipedia.org/wiki/%E1%80%99%E1%80%BC%E1%80%94%E1%80%BA%E1%80%99%E1%80%AC%E1%80%B7%E1%80%9E%E1%80%99%E1%80%AD%E1%80%AF%E1%80%84%E1%80%BA%E1%80%B8
mya_eb9e0da2,ထိုခေတ်တွင် အကြမ်းအားဖြင့် ပျူတို့က ဧရာဝတီမြစ်အနောက်ဘက်ခြမ်း နှင့် မွန်တို့က ဧရာဝတီမြစ်အရှေ့ဘက်ခြမ်းတွင် နေထိုင်ကြသည်ဟူ‌၍ သတ်မှတ်နိုင်သည် ။,0,0,0,0,0,0,NULL,https://my.wikipedia.org/wiki/%E1%80%99%E1%80%BC%E1%80%94%E1%80%BA%E1%80%99%E1%80%AC%E1%80%B7%E1%80%9E%E1%80%99%E1%80%AD%E1%80%AF%E1%80%84%E1%80%BA%E1%80%B8
mya_d4beb0af,အချို့သော သမိုင်းပညာရှင်များက ထိုပျူခေတ်ကို ပထမပြည်ထောင်စု ဟုလည်း သတ်မှတ်ကြ၏ ။,0,0,0,0,0,0,NULL,https://my.wikipedia.org/wiki/%E1%80%99%E1%80%BC%E1%80%94%E1%80%BA%E1%80%99%E1%80%AC%E1%80%B7%E1%80%9E%E1%80%99%E1%80%AD%E1%80%AF%E1%80%84%E1%80%BA%E1%80%B8
mya_4fd5c33c,မြန်မာနိုင်ငံနယ်နိမိတ်ထဲသို့ နောက်ဆုံးမှ ဝင်ရောက်လာသည့် ဗမာတို့သည် ယနေ့ရှမ်းပြည်နယ်ကိုဖြတ်ကျော်ကာ ကျောက်ဆည်နယ်သို့ တစစထိုးဖောက်လာပြီးနောက် ဆန်စပါးစိုက်ပျိုးရန် သင့်တော်သည်ဟု ယူဆသောထိုဒေသတွင် ကျောက်ဆည်ဆယ့်တစ်ခရိုင်ကိုတည်ထောင်ကာ အခြေချနေထိုင်ကြသည် ။,0,0,0,0,0,0,NULL,https://my.wikipedia.org/wiki/%E1%80%99%E1%80%BC%E1%80%94%E1%80%BA%E1%80%99%E1%80%AC%E1%80%B7%E1%80%9E%E1%80%99%E1%80%AD%E1%80%AF%E1%80%84%E1%80%BA%E1%80%B8
mya_42a3e0d0,နှစ်ကာလကြာရှည်လာပြီး လူဦးရေထူထပ်လာသောအခါ နယ်ပယ်များဆက်လက်ချဲ့ထွင်ကြသဖြင့် မြန်မာနိုင်ငံအလယ်ပိုင်းဒေသကို ကောင်းစွာအုပ်စီးမိတော့သည် ။,0,0,0,0,0,0,NULL,https://my.wikipedia.org/wiki/%E1%80%99%E1%80%BC%E1%80%94%E1%80%BA%E1%80%99%E1%80%AC%E1%80%B7%E1%80%9E%E1%80%99%E1%80%AD%E1%80%AF%E1%80%84%E1%80%BA%E1%80%B8
mya_33aa1ffb,အစောပိုင်းဗမာတို့သည် အကြီးအကဲဖြစ်သူကို မိမိတို့ ဘာသာစကားဖြင့်`မင်း´နှင့် ရှမ်းတို့ခေါ်သကဲ့သို့ `စော´(စဝ်)ကိုပေါင်းကာ `မင်းစော´ဟုခေါ်ကြသည် ။,0,0,0,0,0,0,NULL,https://my.wikipedia.org/wiki/%E1%80%99%E1%80%BC%E1%80%94%E1%80%BA%E1%80%99%E1%80%AC%E1%80%B7%E1%80%9E%E1%80%99%E1%80%AD%E1%80%AF%E1%80%84%E1%80%BA%E1%80%B8
mya_bc9f965f,အချိန်ကြာသည်နှင့်အမျှ ထိုမင်းများထဲတွင် အစွမ်းအစကောင်းသူများ ပေါ်ထွန်းလာသဖြင့် ထိုအကြီးအကဲကို `မင်းကြီး´ဟုခေါ်ကြသည် ။,0,0,0,0,0,0,NULL,https://my.wikipedia.org/wiki/%E1%80%99%E1%80%BC%E1%80%94%E1%80%BA%E1%80%99%E1%80%AC%E1%80%B7%E1%80%9E%E1%80%99%E1%80%AD%E1%80%AF%E1%80%84%E1%80%BA%E1%80%B8
mya_a6fef5cf,ထိုသို့မင်းများထဲတွင်မှ ကျယ်ပြန့်လှသော နယ်ပယ်ကို အုပ်ချုပ်ရလွယ်ကူစေရန် ဆက်သွယ်ရေးအချက်အချာကျသည့် ပုဂံမှ ပုဂံမင်းကြီးသည် `မင်းစော´ အပေါင်းတို့၏ အကြီးအကဲအဖြစ်သို့ ရောက်ရှိလာသည် ။,0,0,0,0,0,0,NULL,https://my.wikipedia.org/wiki/%E1%80%99%E1%80%BC%E1%80%94%E1%80%BA%E1%80%99%E1%80%AC%E1%80%B7%E1%80%9E%E1%80%99%E1%80%AD%E1%80%AF%E1%80%84%E1%80%BA%E1%80%B8
mya_a082ea47,`မူလက ပုဂံကို ရွာ၁၉ရွာဖြင့် စတင်ဖွဲ့စည်းသည်´ ဟူသော အဆိုက ဤအချက်ကို အတည်ပြုနေသကဲ့သို့ရှိသည် ။,0,0,0,0,0,0,NULL,https://my.wikipedia.org/wiki/%E1%80%99%E1%80%BC%E1%80%94%E1%80%BA%E1%80%99%E1%80%AC%E1%80%B7%E1%80%9E%E1%80%99%E1%80%AD%E1%80%AF%E1%80%84%E1%80%BA%E1%80%B8
mya_d1aac6ae,အနော်ရထာမင်း လက်ထက်တွင် ပုဂံ၏ အင်အား အထွဋ်အထိပ်ရောက်ကာ ရာမည(ရှေးမွန်=`ရာမည်´)မှ သထုံကို အနိုင်ရပြီး ယနေ့ မြန်မာနိုင်ငံနီးနီးမျှ ကျယ်ပြန့်သည့် နယ်ပယ်ကို သိမ်းပိုက်နိုင်ခဲ့သည် ။,0,0,0,0,0,0,NULL,https://my.wikipedia.org/wiki/%E1%80%99%E1%80%BC%E1%80%94%E1%80%BA%E1%80%99%E1%80%AC%E1%80%B7%E1%80%9E%E1%80%99%E1%80%AD%E1%80%AF%E1%80%84%E1%80%BA%E1%80%B8
mya_50eda228,ထိုမှဆင်းသက်သည့် ကျန်စစ်သား၊ အလောင်းစည်သူ အစရှိသည့် ပုဂံမင်းများသည်လည်း ဩဇာကြီးသူများဖြစ်သည့်အတွက် တိုင်းပြည်ကို ကောင်းစွာစုစည်းထားနိုင်ခဲ့သည် ။,0,0,0,0,0,0,NULL,https://my.wikipedia.org/wiki/%E1%80%99%E1%80%BC%E1%80%94%E1%80%BA%E1%80%99%E1%80%AC%E1%80%B7%E1%80%9E%E1%80%99%E1%80%AD%E1%80%AF%E1%80%84%E1%80%BA%E1%80%B8
mya_03b93b70,သို့သော် နောက်ပိုင်းမင်းများသည် အရည်အသွေးညံ့ဖျင်းလာကြပြီး ပုဂံ၏ဩဇာမှာ သိသာစွာ ကျဆင်းလာရသည် ။,0,0,0,0,0,0,NULL,https://my.wikipedia.org/wiki/%E1%80%99%E1%80%BC%E1%80%94%E1%80%BA%E1%80%99%E1%80%AC%E1%80%B7%E1%80%9E%E1%80%99%E1%80%AD%E1%80%AF%E1%80%84%E1%80%BA%E1%80%B8
mya_4fe131eb,နောက်ဆုံးတွင် မွန်ဂိုတို့၏ တိုက်ခိုက်မှုကြောင့် ပုဂံပျက်စီး၍ ပုဂံမင်းဆက်လည်း ကျဆင်းရလေသည် ။,0,0,0,0,0,0,NULL,https://my.wikipedia.org/wiki/%E1%80%99%E1%80%BC%E1%80%94%E1%80%BA%E1%80%99%E1%80%AC%E1%80%B7%E1%80%9E%E1%80%99%E1%80%AD%E1%80%AF%E1%80%84%E1%80%BA%E1%80%B8
mya_458374f4,မွန်ဂိုတို့ တပ်ဆုတ်ပြန်ပြီးနောက်တွင် နန်းတက်ကြသည့် ကျစွာ၊ စောနစ် နှင့် စောမွန်နစ်တို့ လက်ထက်များတွင် ပုဂံမင်းဆိုသည်မှာ အမည်ခံမျှသာဖြစ်၍ အမှန်တကယ် ဩဇာအာဏာမှာ ရှမ်းညီနောင် သုံးဦးလက်သို့ ရောက်ရှိနေခဲ့ပြီဖြစ်သည် ။,0,0,0,0,0,0,NULL,https://my.wikipedia.org/wiki/%E1%80%99%E1%80%BC%E1%80%94%E1%80%BA%E1%80%99%E1%80%AC%E1%80%B7%E1%80%9E%E1%80%99%E1%80%AD%E1%80%AF%E1%80%84%E1%80%BA%E1%80%B8
mya_1af48aff,ပုဂံခေတ်ကုန်ဆုံးပြီးနောက်တွင်အစုစုကွဲပြားနေသည့် မြန်မာနိုင်ငံအထက်ပိုင်းဒေသကို စုစည်းသိမ်းသွင်းကာ အုပ်ချုပ်သည့် မင်းတစ်ပါး ပေါ်ထွန်းလာသည် ။,0,0,0,0,0,0,NULL,https://my.wikipedia.org/wiki/%E1%80%99%E1%80%BC%E1%80%94%E1%80%BA%E1%80%99%E1%80%AC%E1%80%B7%E1%80%9E%E1%80%99%E1%80%AD%E1%80%AF%E1%80%84%E1%80%BA%E1%80%B8
mya_2d07c6fa,ထိုသူမှာ ရှမ်းညီနောင်သုံးဦး မှ ဆင်းသက်လာသည့် အင်းဝမြို့တည် သတိုးမင်းဖျား ဆိုသူဖြစ်သည် ။,0,0,0,0,0,0,NULL,https://my.wikipedia.org/wiki/%E1%80%99%E1%80%BC%E1%80%94%E1%80%BA%E1%80%99%E1%80%AC%E1%80%B7%E1%80%9E%E1%80%99%E1%80%AD%E1%80%AF%E1%80%84%E1%80%BA%E1%80%B8
mya_78ed167a,ဒုတိယ နန်းတက်သည့် မင်းကြီးစွာစော်ကဲ လက်ထက်မှစကာ အောက်အရပ် ရာမညမှ မွန်ပဒေသရာဇ်များ မညီညွတ်သည်ကို အခွင့်ကောင်းယူသည့် အနေဖြင့် စစ်ပြုခဲ့သည် ။,0,0,0,0,0,0,NULL,https://my.wikipedia.org/wiki/%E1%80%99%E1%80%BC%E1%80%94%E1%80%BA%E1%80%99%E1%80%AC%E1%80%B7%E1%80%9E%E1%80%99%E1%80%AD%E1%80%AF%E1%80%84%E1%80%BA%E1%80%B8
mya_976897eb,ထိုမှအစပြုကာ အင်းဝ-ဟံသာဝတီ အနှစ်လေးဆယ်စစ် ဖြစ်ပွားသည် ။,0,0,0,0,0,0,NULL,https://my.wikipedia.org/wiki/%E1%80%99%E1%80%BC%E1%80%94%E1%80%BA%E1%80%99%E1%80%AC%E1%80%B7%E1%80%9E%E1%80%99%E1%80%AD%E1%80%AF%E1%80%84%E1%80%BA%E1%80%B8
mya_5175fbcb,မင်းကြီးစွာစော်ကဲနောက် နန်းတက်သည့် ဆင်ဖြူရှင်၊ ဘုရင်မင်းခေါင်တို့လက်ထက်များအထိတိုင် တိုက်ခိုက်ခဲ့ရသည့် စစ်ပွဲဖြစ်ပေသည် ။,0,0,0,0,0,0,NULL,https://my.wikipedia.org/wiki/%E1%80%99%E1%80%BC%E1%80%94%E1%80%BA%E1%80%99%E1%80%AC%E1%80%B7%E1%80%9E%E1%80%99%E1%80%AD%E1%80%AF%E1%80%84%E1%80%BA%E1%80%B8
mya_a19a4ba6,ထိုမင်းများနောက် နန်းတက်သည့် မင်းများလက်ထက်တွင်လည်း တိုင်းပြည်အေးချမ်းရေးကို လိုလားစွာ ဆောင်ရွက်ကြသည်မရှိသလောက် နည်းပါးသဖြင့် အချိန်ကြာသည် နှင့်အမျှ အင်အားဆုတ်ယုတ်လာပြီး နောက်ဆုံးတွင် လက်အောက်ခံ ပဒေသရာဇ်များဖြစ်သည့် ရှမ်းစော်ဘွားများအင်အားကြီးလာသည် ။,0,0,0,0,0,0,NULL,https://my.wikipedia.org/wiki/%E1%80%99%E1%80%BC%E1%80%94%E1%80%BA%E1%80%99%E1%80%AC%E1%80%B7%E1%80%9E%E1%80%99%E1%80%AD%E1%80%AF%E1%80%84%E1%80%BA%E1%80%B8
mya_2c3e0535,နောက်ဆုံးမင်းဖြစ်သည့် ရွှေနန်းကျော့ရှင်နရပတိ လက်ထက်တွင် ပြည်မင်း သတိုးမင်းစော နှင့် ရှမ်းစော်ဘွား မိုးညှင်းစလုံ၊ ၎င်း၏သား သိုဟန်ဘွားတို့က အင်းဝကို တိုက်ခိုက်သိမ်းပိုက်လိုက်ကြသည် ။,0,0,0,0,0,0,NULL,https://my.wikipedia.org/wiki/%E1%80%99%E1%80%BC%E1%80%94%E1%80%BA%E1%80%99%E1%80%AC%E1%80%B7%E1%80%9E%E1%80%99%E1%80%AD%E1%80%AF%E1%80%84%E1%80%BA%E1%80%B8
mya_43a483df,ထို့နောက်သိုဟန်ဘွား နန်းတက်သည် ။,0,0,0,0,0,0,NULL,https://my.wikipedia.org/wiki/%E1%80%99%E1%80%BC%E1%80%94%E1%80%BA%E1%80%99%E1%80%AC%E1%80%B7%E1%80%9E%E1%80%99%E1%80%AD%E1%80%AF%E1%80%84%E1%80%BA%E1%80%B8
mya_1e179d64,ပြည်သူတို့မနှစ်သက် သဖြင့် သိုဟန်ဘွားလုပ်ကြံခံရပြီးနောက် နန်းတက်သည့် အုန်းဘောင်ခုံမှိုင်းနှင့် မိုးဗြဲနရပတိ တို့လက်ထက်များတွင် ဟံသာဝတီကို သိမ်းပိုက်လိုက်သည့် တောင်ငူမှ တပင်ရွှေထီးနှင့် စစ်ပြိုင်ရန်ကြိုးပမ်းသော်လည်း မအောင်မြင်ခဲ့ပေ ။,0,0,0,0,0,0,NULL,https://my.wikipedia.org/wiki/%E1%80%99%E1%80%BC%E1%80%94%E1%80%BA%E1%80%99%E1%80%AC%E1%80%B7%E1%80%9E%E1%80%99%E1%80%AD%E1%80%AF%E1%80%84%E1%80%BA%E1%80%B8
mya_449dfcec,ထို့နောက်နန်းတက်သည့် နရပတိစည်သူ လက်ထက်တွင် ဘုရင့်နောင်၏ လက်သို့ ကျရောက်ရတော့သည် ။,0,0,0,0,0,0,NULL,https://my.wikipedia.org/wiki/%E1%80%99%E1%80%BC%E1%80%94%E1%80%BA%E1%80%99%E1%80%AC%E1%80%B7%E1%80%9E%E1%80%99%E1%80%AD%E1%80%AF%E1%80%84%E1%80%BA%E1%80%B8
mya_de4f521a,တောင်ငူ-ဟံသာဝတီခေတ်သည် မြန်မာတို့၏ အထွတ်အထိပ်ရောက်သည့် ကာလများအနက်မှ တစ်ခုဖြစ်သည် ။,0,0,0,0,0,0,NULL,https://my.wikipedia.org/wiki/%E1%80%99%E1%80%BC%E1%80%94%E1%80%BA%E1%80%99%E1%80%AC%E1%80%B7%E1%80%9E%E1%80%99%E1%80%AD%E1%80%AF%E1%80%84%E1%80%BA%E1%80%B8
mya_ff76b7e0,ပုဂံပျက်သုဉ်းပြီးချိန်မှ စကာ အင်းဝကိုဗဟိုပြုနေသည့် မြန်မာတို့အတွက် အောက်ပြည်အရပ်မှ မွန်တို့၏ရန်စစ်၊မြောက်ဘက်မှ တစ်စတစ်စအင်အားကြီးလာသည့် ရှမ်းစော်ဘွားတို့၏ ရန်စစ်သာမက မြန်မာနိုင်ငံတစ်ဝန်းလုံး တစ်နယ်တစ်မင်း အုပ်ချုပ်နေသည်အထိ ပျက်စီးနေချိန်တွင် အင်းဝလက်အောက်ခံ ကေတုမတီတောင်ငူမှ မင်းကြီးညို၊ သားတော် တပင်ရွှေထီး နှင့် ယောက်ဖဖြစ်သူ ဘုရင့်နောင်တို့ ကအသီးသီး အစဉ်မပျက် နိုင်ငံကိုချဲ့ထွင်ကြရာ မင်းကြီးညိုလက်ထက်တွင် အတန်အသင့် အင်အားကောင်းမွန်ပြီး မြန်မာနိုင်ငံ အလယ်ပိုင်းသားဖြစ်သူ တပင်ရွှေထီးလက်ထက်တွင် အောက်ပြည်ရှိ မွန်တို့၏ပိုင်နက် နှင့် ဘုရင့်နောင်လက်ထက်တွင် ယနေ့မြန်မာနိုင်ငံ နယ်နိမိတ်အပြင်သို့ကျော်ကာ အနောက်ဘက်တွင် မဏိပူရ မှ အရှေ့ဘက် ထိုင်းနိုင်ငံ အယုဒ္ဒယ အထိ၊မြောက်ဘက်တွင် ကချင်ပြည်နယ်မှ တောင်ဘက်ကော့သောင် အထိ ကျယ်ပြန့်လာခဲ့သည် ။,0,0,0,0,0,0,NULL,https://my.wikipedia.org/wiki/%E1%80%99%E1%80%BC%E1%80%94%E1%80%BA%E1%80%99%E1%80%AC%E1%80%B7%E1%80%9E%E1%80%99%E1%80%AD%E1%80%AF%E1%80%84%E1%80%BA%E1%80%B8
mya_364b5774,နောက် ကမ္ဘောဇသာဒီ နန်းတော် ကိုလည်းတည်ခဲ့သည် ။,0,0,0,0,0,0,NULL,https://my.wikipedia.org/wiki/%E1%80%99%E1%80%BC%E1%80%94%E1%80%BA%E1%80%99%E1%80%AC%E1%80%B7%E1%80%9E%E1%80%99%E1%80%AD%E1%80%AF%E1%80%84%E1%80%BA%E1%80%B8
mya_03b8ade0,သို့သော် အမြော်အမြင်ကြီးမားသည့် ဘုရင့်နောင်သည် သားတော် နန္ဒဘုရင်လက်ထက်တွင် မိမိတည်ထောင်သည့် နိုင်ငံကြီး အလွယ်တကူ ပြိုပျက်သွားမည့်အရေးကိုမူ ကြိုသိမသွားခဲ့နိုင်ပေ ။,0,0,0,0,0,0,NULL,https://my.wikipedia.org/wiki/%E1%80%99%E1%80%BC%E1%80%94%E1%80%BA%E1%80%99%E1%80%AC%E1%80%B7%E1%80%9E%E1%80%99%E1%80%AD%E1%80%AF%E1%80%84%E1%80%BA%E1%80%B8
mya_9569d3dd,နန္ဒဘုရင်လက်ထက်တွင် လက်အောက်ခံ နယ်စားပယ်စားများ အသီးသီးပုန်ကန်ကြပြီး နောက်ဆုံးတွင် ရခိုင်ဘုရင် မင်းရာဇာကြီး နှင့်တောင်ငူဘုရင်ခံ မင်းရဲသီဟသူတို့၏တိုက်ခိုက်မှုကြောင့် ကမ္ဘောဇသာဒီနန်းတော်ကြီးဖျက်ဆီးခံရပြီး နန္ဒဘုရင်လည်းနန်းကျကာ တောင်ငူသို့ သုံ့ပန်းအဖြစ်သို့ပါပြီးနောက်ပိုင်းတွင် လုပ်ကြံသတ်ဖြတ်ခံခဲ့ရသည် ။,0,0,0,0,0,0,NULL,https://my.wikipedia.org/wiki/%E1%80%99%E1%80%BC%E1%80%94%E1%80%BA%E1%80%99%E1%80%AC%E1%80%B7%E1%80%9E%E1%80%99%E1%80%AD%E1%80%AF%E1%80%84%E1%80%BA%E1%80%B8
mya_87fa9a35,ဘုရင့်နောင်၏ မထင်မရှားသားတော်တစ်ပါးဖြစ်သည့် ညောင်ရမ်းစားရှင်သစ္စာက အကွဲအကွဲအပြားအပြားဖြစ်နေရသည့် နိုင်ငံကို စုစည်းရန်အတွက် အင်းဝကိုသိမ်းပိုက်၍ ညောင်ရမ်းမင်းဆက်(ဒုတိယအင်းဝခေတ်)ကို တည်ထောင်သည် ။,0,0,0,0,0,0,NULL,https://my.wikipedia.org/wiki/%E1%80%99%E1%80%BC%E1%80%94%E1%80%BA%E1%80%99%E1%80%AC%E1%80%B7%E1%80%9E%E1%80%99%E1%80%AD%E1%80%AF%E1%80%84%E1%80%BA%E1%80%B8
mya_e7143b3d,သူ့လက်ထက်တွင် ရှမ်းပြည်များကို ပြန်လည်သိမ်းသွင်းနိုင်ခဲ့သည် ။,0,0,0,0,0,0,NULL,https://my.wikipedia.org/wiki/%E1%80%99%E1%80%BC%E1%80%94%E1%80%BA%E1%80%99%E1%80%AC%E1%80%B7%E1%80%9E%E1%80%99%E1%80%AD%E1%80%AF%E1%80%84%E1%80%BA%E1%80%B8
mya_4821936a,သူ့အားဆက်ခံသည့် အနောက်ဘက်လွန်မင်း၏ လက်ထက်တွင် အတန်ပင် အင်အားကြီးလာပြီး တောင်ငူကိုသိမ်းပိုက်ကာ တောင်ပိုင်းမှ ပေါ်တူဂီ ငဇင်ကာကို နှိမ်နှင်းနိုင်သလို၊ အရှေ့တောင်ဘက်မှ ထိုင်းဘုရင် ဗြနရာဇ်(နာရေစွမ်) ။,0,0,0,0,0,0,NULL,https://my.wikipedia.org/wiki/%E1%80%99%E1%80%BC%E1%80%94%E1%80%BA%E1%80%99%E1%80%AC%E1%80%B7%E1%80%9E%E1%80%99%E1%80%AD%E1%80%AF%E1%80%84%E1%80%BA%E1%80%B8
mya_f068f940,(ဘုရင့်နောင်၏မွေးစားသား)၏ မြန်မာနိုင်ငံတောင်ပိုင်းကို ထိုးဖောက်ရန် ကြိုးပမ်းနေသည်များကို ဟန့်တားထားနိုင်ခဲ့သည် ။,0,0,0,0,0,0,NULL,https://my.wikipedia.org/wiki/%E1%80%99%E1%80%BC%E1%80%94%E1%80%BA%E1%80%99%E1%80%AC%E1%80%B7%E1%80%9E%E1%80%99%E1%80%AD%E1%80%AF%E1%80%84%E1%80%BA%E1%80%B8
mya_e25f8590,သာလွန်မင်းလက်ထက်တွင် တိုင်းပြည်အရပ်ရပ် တည်ငြိမ်အေးချမ်းရေးကို စတင်ဆောင်ရွက်ရာ မြန်မာ့သမိုင်းတစ်လျှောက်တွင် ပထမဆုံးအကြိမ်အဖြစ် လူဦးရေ စစ်တမ်းများကောက်ယူခြင်းကို ပြုလုပ်နိုင်ခဲ့သည်ကို တွေ့ရသည် ။,0,0,0,0,0,0,NULL,https://my.wikipedia.org/wiki/%E1%80%99%E1%80%BC%E1%80%94%E1%80%BA%E1%80%99%E1%80%AC%E1%80%B7%E1%80%9E%E1%80%99%E1%80%AD%E1%80%AF%E1%80%84%E1%80%BA%E1%80%B8
mya_761d2cf2,နောက်ပိုင်းတွင် ရာသီဥတုဆိုးဝါးမှု၊မင်းများ၏ အရည်အသွေးကျဆင်းမှုတို့ကြောင့် ဟံသာဝတီမှ မွန်တို့ကပုန်ကန်ရာ ညောင်ရမ်းခေတ် ကုန်ဆုံးရတော့သည် ။,0,0,0,0,0,0,NULL,https://my.wikipedia.org/wiki/%E1%80%99%E1%80%BC%E1%80%94%E1%80%BA%E1%80%99%E1%80%AC%E1%80%B7%E1%80%9E%E1%80%99%E1%80%AD%E1%80%AF%E1%80%84%E1%80%BA%E1%80%B8
mya_5efc3b86,နောက်ဆုံးမင်းဖြစ်သည့် မဟာဓမ္မရာဇာဓိပတိ(ဟံသာ၀တီရောက်မင်း)လည်း ဟံသာဝတီသို့ ပါကာ နောက်ပိုင်းတွင် ကွပ်မျက်ခံခဲ့ရသည် ။,0,0,0,0,0,0,NULL,https://my.wikipedia.org/wiki/%E1%80%99%E1%80%BC%E1%80%94%E1%80%BA%E1%80%99%E1%80%AC%E1%80%B7%E1%80%9E%E1%80%99%E1%80%AD%E1%80%AF%E1%80%84%E1%80%BA%E1%80%B8
mya_269107e8,ညောင်ရမ်းမင်းဆက် ကျဆုံးပြီးနောက်တွင် မုဆိုးဘိုရွာသူကြီး ဦးအောင်ဇေယျက အလောင်းဘုရားဘွဲ့ဖြင့် မွန်တို့ကိုတော်လှန်သည် ။,0,0,0,0,0,0,NULL,https://my.wikipedia.org/wiki/%E1%80%99%E1%80%BC%E1%80%94%E1%80%BA%E1%80%99%E1%80%AC%E1%80%B7%E1%80%9E%E1%80%99%E1%80%AD%E1%80%AF%E1%80%84%E1%80%BA%E1%80%B8
mya_5ef72ccd,အင်းဝကိုပြန်လည်သိမ်းပိုက်နိုင်ကာ ဆက်တိုက်ဆိုသလိုပင် တိုက်ပွဲများတွင် မွန်တို့ကိုအနိုင်ရသဖြင့် အလွန်ဩဇာကြီးလာပြီး အယုဓျာတိုင် ချီတက်သိမ်းပိုက်ရန် ကြိုးပမ်းခဲ့သည် ။,0,0,0,0,0,0,NULL,https://my.wikipedia.org/wiki/%E1%80%99%E1%80%BC%E1%80%94%E1%80%BA%E1%80%99%E1%80%AC%E1%80%B7%E1%80%9E%E1%80%99%E1%80%AD%E1%80%AF%E1%80%84%E1%80%BA%E1%80%B8
mya_55ff8ae6,သို့သော် တတိယမင်းဖြစ်သည့် ဆင်ဖြူရှင်လက်ထက်မှ အယုဓျာကို အပြီးသတ်အနိုင်ရရှိသည် ။,0,0,0,0,0,0,NULL,https://my.wikipedia.org/wiki/%E1%80%99%E1%80%BC%E1%80%94%E1%80%BA%E1%80%99%E1%80%AC%E1%80%B7%E1%80%9E%E1%80%99%E1%80%AD%E1%80%AF%E1%80%84%E1%80%BA%E1%80%B8
mya_92276a71,ထိုမင်းလက်ထက်တွင် မြောက်ဘက်မှ မန်ချူးတို့၏ ကျူးကျော်မှု ၅ ကြိမ်တိုင်တိုင် ခံခဲ့ရသော်လည်း ကောင်းစွာတွန်းလှန်ဟန့်တားနိုင်ခဲ့သည် ။,0,0,0,0,0,0,NULL,https://my.wikipedia.org/wiki/%E1%80%99%E1%80%BC%E1%80%94%E1%80%BA%E1%80%99%E1%80%AC%E1%80%B7%E1%80%9E%E1%80%99%E1%80%AD%E1%80%AF%E1%80%84%E1%80%BA%E1%80%B8
mya_9dcd968c,၆ဆက်မြောက်မင်းဖြစ်သည့် ဗဒုံမင်း လက်ထက်တွင် ယဉ်ကျေးမှုနှင့် အတွေးအခေါ်အယူအဆတို့ကို ပြောင်းလဲရန် ကြိုးပမ်းသော်လည်း မအောင်မြင်ခဲ့ပေ ။,0,0,0,0,0,0,NULL,https://my.wikipedia.org/wiki/%E1%80%99%E1%80%BC%E1%80%94%E1%80%BA%E1%80%99%E1%80%AC%E1%80%B7%E1%80%9E%E1%80%99%E1%80%AD%E1%80%AF%E1%80%84%E1%80%BA%E1%80%B8
mya_1013c21b,ထိုမင်းလက်ထက်တွင် ခေတ်အဆက်ဆက်က မြန်မာ့နယ်နိမိတ်တွင် မပါဝင်ခဲ့သော ရခိုင်ပြည်နယ်ကို အိမ်ရှေ့မင်းသားဦးပေါ်က သိမ်းပိုက်နိုင်ခဲ့ကာ မဟာမုနိဘုရားကြီးကို မန္တလေးသို့ ပင့်ဆောင်လာနိုင်ခဲ့သည် ။,0,0,0,0,0,0,NULL,https://my.wikipedia.org/wiki/%E1%80%99%E1%80%BC%E1%80%94%E1%80%BA%E1%80%99%E1%80%AC%E1%80%B7%E1%80%9E%E1%80%99%E1%80%AD%E1%80%AF%E1%80%84%E1%80%BA%E1%80%B8
mya_4d4e0a9c,သို့သော် နောက်ပိုင်းတွင် နန်းတွင်းအရှုပ်အထွေးများကြောင့် ကုန်းဘောင်မင်းဆက်မှ အင်အားနည်းခြင်းသို့ရောက်လာခဲ့သည် ။,0,0,0,0,0,0,NULL,https://my.wikipedia.org/wiki/%E1%80%99%E1%80%BC%E1%80%94%E1%80%BA%E1%80%99%E1%80%AC%E1%80%B7%E1%80%9E%E1%80%99%E1%80%AD%E1%80%AF%E1%80%84%E1%80%BA%E1%80%B8
mya_1a11cbd7,ဘကြီး‌‌တော်လက်ထက်တွင် အာသံ၊မဏိပူရအရေးကြောင့် နယ်ချဲ့အင်္ဂလိပ်တို့နှင့် စစ်ဖြစ်ကာ ရခိုင်နှင့် တနင်္သာရီကို ပေးလိုက်ရသည် ။,0,0,0,0,0,0,NULL,https://my.wikipedia.org/wiki/%E1%80%99%E1%80%BC%E1%80%94%E1%80%BA%E1%80%99%E1%80%AC%E1%80%B7%E1%80%9E%E1%80%99%E1%80%AD%E1%80%AF%E1%80%84%E1%80%BA%E1%80%B8
mya_f341ae35,ထို့နောက် ပုဂံမင်းလက်ထက်တွင် ဒုတိယအကြိမ် စစ်ဖြစ်ကာ မြန်မာပြည်အောက်ပိုင်းတစ်ခုလုံး သိမ်းပိုက်ခံရသည် ။,0,0,0,0,0,0,NULL,https://my.wikipedia.org/wiki/%E1%80%99%E1%80%BC%E1%80%94%E1%80%BA%E1%80%99%E1%80%AC%E1%80%B7%E1%80%9E%E1%80%99%E1%80%AD%E1%80%AF%E1%80%84%E1%80%BA%E1%80%B8
mya_b9ae2dec,သီပေါမင်းလက်ထက်တွင်လည်း ဘုံဘေဘားမားသစ်ကိစ္စကြောင့် တတိယအကြိမ်စစ်ဖြစ်ကာ မြန်မာတစ်နိုင်ငံလုံးသူ့ကျွန်ဘဝကျရောက်ခဲ့ရသည် ။,0,0,0,0,0,0,NULL,https://my.wikipedia.org/wiki/%E1%80%99%E1%80%BC%E1%80%94%E1%80%BA%E1%80%99%E1%80%AC%E1%80%B7%E1%80%9E%E1%80%99%E1%80%AD%E1%80%AF%E1%80%84%E1%80%BA%E1%80%B8
mya_71b558cf,အင်္ဂလိပ်တို့၏ သုံးကြိမ်ကျူးကျော်စစ်ပြုခြင်းခံရပြီး သီပေါမင်းလက်ထက်တွင် မြန်မာနိုင်ငံသည် အင်္ဂလိပ်လက်အောက် ကျရောက်သွားတော့သည် ။,0,0,0,0,0,0,NULL,https://my.wikipedia.org/wiki/%E1%80%99%E1%80%BC%E1%80%94%E1%80%BA%E1%80%99%E1%80%AC%E1%80%B7%E1%80%9E%E1%80%99%E1%80%AD%E1%80%AF%E1%80%84%E1%80%BA%E1%80%B8
mya_72a037f3,မြန်မာ့စွယ်စုံကျမ်း ။,0,0,0,0,0,0,NULL,https://my.wikipedia.org/wiki/%E1%80%99%E1%80%BC%E1%80%94%E1%80%BA%E1%80%99%E1%80%AC%E1%80%B7%E1%80%9E%E1%80%99%E1%80%AD%E1%80%AF%E1%80%84%E1%80%BA%E1%80%B8
mya_09a3dbf0,မြန်မာနိုင်ငံ(အင်္ဂလိပ်: Myanmar)၊ တရားဝင်အားဖြင့် ပြည်ထောင်စု သမ္မတ မြန်မာနိုင်ငံတော်(အင်္ဂလိပ်: Republic of the Union of Myanmar)သည် အရှေ့တောင်အာရှရှိ နိုင်ငံတစ်နိုင်ငံ ဖြစ်သည် ။,0,0,0,0,0,0,NULL,https://my.wikipedia.org/wiki/%E1%80%99%E1%80%BC%E1%80%94%E1%80%BA%E1%80%99%E1%80%AC%E1%80%94%E1%80%AD%E1%80%AF%E1%80%84%E1%80%BA%E1%80%84%E1%80%B6
mya_a7cc799a,အနောက်နှင့် အနောက်မြောက်ဘက်တွင် ဘင်္ဂလားဒေ့ရှ်နိုင်ငံ၊ အိန္ဒိယနိုင်ငံ၊ အရှေ့မြောက်ဘက်တွင် တရုတ်ပြည်သူ့သမ္မတနိုင်ငံ၊ ‌အရှေ့နှင့် အရှေ့တောင်ဘက်တွင် လာအိုနိုင်ငံ၊ ထိုင်းနိုင်ငံတို့နှင့် နယ်နမိတ်ချင်းထိစပ်ပြီး တောင်ဘက်နှင့် အနောက်တောင်ဘက်တွင် ကပ္ပလီပင်လယ်နှင့် ဘင်္ဂလားပင်လယ်အော်တို့ တည်ရှိသည် ။,0,0,0,0,0,0,NULL,https://my.wikipedia.org/wiki/%E1%80%99%E1%80%BC%E1%80%94%E1%80%BA%E1%80%99%E1%80%AC%E1%80%94%E1%80%AD%E1%80%AF%E1%80%84%E1%80%BA%E1%80%84%E1%80%B6
mya_3867020a,နိုင်ငံ၏မြို့တော်မှာ နေပြည်တော်ဖြစ်ပြီး စီးပွားရေးမြို့တော်မှာ ရန်ကုန်မြို့ဖြစ်သည် ။,0,0,0,0,0,0,NULL,https://my.wikipedia.org/wiki/%E1%80%99%E1%80%BC%E1%80%94%E1%80%BA%E1%80%99%E1%80%AC%E1%80%94%E1%80%AD%E1%80%AF%E1%80%84%E1%80%BA%E1%80%84%E1%80%B6
mya_015921ab,မြန်မာနိုင်ငံရှိအစောဆုံးသော အခြေချမှုများသည် ပျူမြို့ပြနိုင်ငံများနှင့် မွန်ဘုရင့်နိုင်ငံများ၌ဖြစ်ကြသည် ။,0,0,0,0,0,0,NULL,https://my.wikipedia.org/wiki/%E1%80%99%E1%80%BC%E1%80%94%E1%80%BA%E1%80%99%E1%80%AC%E1%80%94%E1%80%AD%E1%80%AF%E1%80%84%E1%80%BA%E1%80%84%E1%80%B6
mya_b173a14b,အေဒီ ၉ရာစုခန့်တွင် မြန်မာလူမျိုးတို့သည် ဧရာဝတီမြစ်အနီး၌ ပုဂံပြည်ကိုတည်ထောင်ခဲ့ကြရာ မြန်မာ့ယဉ်ကျေးမှု၊ မြန်မာဘာသာစကားစသည်တို့ ပေါ်ပေါက်လာခဲ့သည် ။,0,0,0,0,0,0,NULL,https://my.wikipedia.org/wiki/%E1%80%99%E1%80%BC%E1%80%94%E1%80%BA%E1%80%99%E1%80%AC%E1%80%94%E1%80%AD%E1%80%AF%E1%80%84%E1%80%BA%E1%80%84%E1%80%B6
mya_0db92e65,ပထမမြန်မာနိုင်ငံတော် ပုဂံပြည်သည် မွန်ဂိုကျူးကျော်စစ်ကြောင့် ကျဆုံးခဲ့ရသည် ။,0,0,0,0,0,0,NULL,https://my.wikipedia.org/wiki/%E1%80%99%E1%80%BC%E1%80%94%E1%80%BA%E1%80%99%E1%80%AC%E1%80%94%E1%80%AD%E1%80%AF%E1%80%84%E1%80%BA%E1%80%84%E1%80%B6
mya_d49897a0,၁၆ ရာစု‌တွင် ဒုတိယမြန်မာနိုင်ငံတော် တောင်ငူအင်ပါယာပေါ်ပေါက်လာခဲ့ပြီး အရှေ့တောင်အာရှသမိုင်း၏ အကြီးဆုံးအင်ပါယာအဖြစ် ခေတ္တရပ်တည်နိုင်ခဲ့သည် ။,0,0,0,0,0,0,NULL,https://my.wikipedia.org/wiki/%E1%80%99%E1%80%BC%E1%80%94%E1%80%BA%E1%80%99%E1%80%AC%E1%80%94%E1%80%AD%E1%80%AF%E1%80%84%E1%80%BA%E1%80%84%E1%80%B6
mya_4a14b88b,၁၉ ရာစုတွင် တတိယမြန်မာနိုင်ငံတော် ကုန်းဘောင်အင်ပါယာသည် မျက်မှောက်ခေတ် မြန်မာနိုင်ငံ၏ဒေသများကိုပါမက အာသံနှင့် မဏိပူရဒေသများကိုပါ အုပ်ချုပ်နိုင်ခဲ့သည် ။,0,0,0,0,0,0,NULL,https://my.wikipedia.org/wiki/%E1%80%99%E1%80%BC%E1%80%94%E1%80%BA%E1%80%99%E1%80%AC%E1%80%94%E1%80%AD%E1%80%AF%E1%80%84%E1%80%BA%E1%80%84%E1%80%B6
mya_31529d64,ဗြိတိသျှအင်ပါယာသည် မြန်မာနိုင်ငံကို ကျူးကျော်စစ်များဆင်နွှဲပြီး သိမ်းပိုက်ခဲ့သည် ။,0,0,0,0,0,0,NULL,https://my.wikipedia.org/wiki/%E1%80%99%E1%80%BC%E1%80%94%E1%80%BA%E1%80%99%E1%80%AC%E1%80%94%E1%80%AD%E1%80%AF%E1%80%84%E1%80%BA%E1%80%84%E1%80%B6
mya_7b5f2848,ဒုတိယကမ္ဘာစစ်အတွင်း၌ မြန်မာနိုင်ငံကို ဂျပန်တို့ကခေတ္တသိမ်းပိုက်ထားခဲ့ပြီး မဟာမိတ်နိုင်ငံတို့က ပြန်လည်သိမ်းယူခဲ့သည် ။,0,0,0,0,0,0,NULL,https://my.wikipedia.org/wiki/%E1%80%99%E1%80%BC%E1%80%94%E1%80%BA%E1%80%99%E1%80%AC%E1%80%94%E1%80%AD%E1%80%AF%E1%80%84%E1%80%BA%E1%80%84%E1%80%B6
mya_b43c9c56,၁၉၄၈ ခုနှစ်တွင် မြန်မာနိုင်ငံသည် ဗြိတိသျှတို့ထံမှ လွတ်လပ်ရေးကိုရရှိခဲ့သည် ။,0,0,0,0,0,0,NULL,https://my.wikipedia.org/wiki/%E1%80%99%E1%80%BC%E1%80%94%E1%80%BA%E1%80%99%E1%80%AC%E1%80%94%E1%80%AD%E1%80%AF%E1%80%84%E1%80%BA%E1%80%84%E1%80%B6
mya_7ddb81a4,မြန်မာနိုင်ငံ၏ လွတ်လပ်ရေးရပြီးခေတ် သမိုင်းသည် ယနေ့တိုင် ဆက်လက်ဖြစ်ပွားနေသော မငြိမ်သက်မှုများနှင့် ပဋိပက္ခများဖြင့် ပြည့်နှက်နေသည် ။,0,0,0,0,0,0,NULL,https://my.wikipedia.org/wiki/%E1%80%99%E1%80%BC%E1%80%94%E1%80%BA%E1%80%99%E1%80%AC%E1%80%94%E1%80%AD%E1%80%AF%E1%80%84%E1%80%BA%E1%80%84%E1%80%B6
mya_fee56b40,၁၉၆၂ ခုနှစ် စစ်အာဏာသိမ်းမှုသည် မြန်မာ့ဆိုရှယ်လစ်လမ်းစဉ်ပါတီအောက်တွင် စစ်အာဏာရှင်စနစ်ကို ဖြစ်ပေါ်စေခဲ့သည် ။,0,0,0,0,0,0,NULL,https://my.wikipedia.org/wiki/%E1%80%99%E1%80%BC%E1%80%94%E1%80%BA%E1%80%99%E1%80%AC%E1%80%94%E1%80%AD%E1%80%AF%E1%80%84%E1%80%BA%E1%80%84%E1%80%B6
mya_faefef69,ထို့နောက် ၁၉၈၈ ခုနှစ်၊ ဩဂုတ်လ ၈ ရက်နေ့တွင် ဖြစ်ပွားခဲ့သော ရှစ်လေးလုံးအရေးအခင်းသည် နှစ်နှစ်အကြာတွင် အမည်ခံ ပါတီစုံစနစ်သို့ ကူးပြောင်းရေးကို ဖြစ်ပေါ်စေခဲ့သော်လည်း၊ နိုင်ငံ၏ အရေးအခင်းနောက်ပိုင်း စစ်ကောင်စီသည် အာဏာလွှဲပြောင်းပေးရန် ငြင်းဆန်ခဲ့ပြီး ယနေ့ထက်တိုင် နိုင်ငံကို ဆက်လက်အုပ်ချုပ်လျက်ရှိသည် ။,0,0,0,0,0,0,NULL,https://my.wikipedia.org/wiki/%E1%80%99%E1%80%BC%E1%80%94%E1%80%BA%E1%80%99%E1%80%AC%E1%80%94%E1%80%AD%E1%80%AF%E1%80%84%E1%80%BA%E1%80%84%E1%80%B6
mya_eb37061c,နိုင်ငံသည် များပြားလှသော တိုင်းရင်းသားလူမျိုးစုများအကြား တိုင်းရင်းသား ပဋိပက္ခများဖြင့် ကွဲခြမ်းလျက်ရှိပြီး ကမ္ဘာ့အရှည်ကြာဆုံး ပြည်တွင်းစစ်များထဲမှ တစ်ခုကို ရင်ဆိုင်နေရသည် ။,0,0,0,0,0,0,NULL,https://my.wikipedia.org/wiki/%E1%80%99%E1%80%BC%E1%80%94%E1%80%BA%E1%80%99%E1%80%AC%E1%80%94%E1%80%AD%E1%80%AF%E1%80%84%E1%80%BA%E1%80%84%E1%80%B6
mya_3a0406db,ကုလသမဂ္ဂနှင့် အခြားအဖွဲ့အစည်းများစွာတို့က နိုင်ငံအတွင်း စဉ်ဆက်မပြတ်နှင့် စနစ်တကျ ဖြစ်ပေါ်နေသော လူ့အခွင့်အရေး ချိုးဖောက်မှုများကို အစီရင်ခံခဲ့ကြသည် ။,0,0,0,0,0,0,NULL,https://my.wikipedia.org/wiki/%E1%80%99%E1%80%BC%E1%80%94%E1%80%BA%E1%80%99%E1%80%AC%E1%80%94%E1%80%AD%E1%80%AF%E1%80%84%E1%80%BA%E1%80%84%E1%80%B6
mya_75c6b09d,၂၀၁၀ အထွေထွေ ရွေးကောက်ပွဲအပြီး ၂၀၁၁ ခုနှစ်တွင် စစ်အစိုးရကို တရားဝင် ဖျက်သိမ်းခဲ့ပြီး အမည်ခံ အရပ်သားအစိုးရတစ်ရပ်ကို တည်ထောင်ခဲ့သည် ။,0,0,0,0,0,0,NULL,https://my.wikipedia.org/wiki/%E1%80%99%E1%80%BC%E1%80%94%E1%80%BA%E1%80%99%E1%80%AC%E1%80%94%E1%80%AD%E1%80%AF%E1%80%84%E1%80%BA%E1%80%84%E1%80%B6
